Track_Name,Track_Id,Track_Popularity,Artist_1_Name,Artist_2_Name,Artist_3_Name,Artist_4_Name,Artist_5_Name,Artist_6_Name,Artist_1_Id,Artist_2_Id,Artist_3_Id,Artist_4_Id,Artist_5_Id,Artist_6_Id
Felices los 4,1RouRzlg8OKFeqc6LvdxmB,77,Maluma,,,,,,1r4hJ1h58CWwUQe3MxPuau,,,,,
ADMV,3eJMSq78dDaFb7VvhNFnq6,72,Maluma,,,,,,1r4hJ1h58CWwUQe3MxPuau,,,,,
Chantaje (feat. Maluma),6mICuAdrwEjh6Y6lroV2Kg,80,Shakira,Maluma,,,,,0EmeFodog0BfCgMzAIvKQp,1r4hJ1h58CWwUQe3MxPuau,,,,
Ignorantes,3wYRLYuO1M88d8woWUIxct,72,Bad Bunny,Sech,,,,,4q3ewBCX7sLwd24euuV69X,77ziqFxp5gaInVrF2lj4ht,,,,
Me Gusta,5Xhqh4lwJPtMUTsdBztN1a,74,Shakira,Anuel AA,,,,,0EmeFodog0BfCgMzAIvKQp,2R21vXR83lH98kGeO99Y66,,,,
"Suerte (Whenever, Wherever)",3TY1PFZXmYeiLcXygB74My,71,Shakira,,,,,,0EmeFodog0BfCgMzAIvKQp,,,,,
La Tortura (feat. Alejandro Sanz),5BSclXJTa9B0iURhUjZo50,80,Shakira,Alejandro Sanz,,,,,0EmeFodog0BfCgMzAIvKQp,5sUrlPAHlS9NEirDB8SEbF,,,,
MIA (feat. Drake),116H0KvKr2Zl4RPuVBruDO,20,Bad Bunny,Drake,,,,,4q3ewBCX7sLwd24euuV69X,3TVXtAsR1Inumwj472S9r4,,,,
La Santa,69vlMrzHwATKzupwNcUPyK,84,Bad Bunny,Daddy Yankee,,,,,4q3ewBCX7sLwd24euuV69X,4VMYDCV2IEDYJArk749S6m,,,,
Vivir Mi Vida,3QHMxEOAGD51PDlbFPHLyJ,79,Marc Anthony,,,,,,4wLXwxDeWQ8mtUIRPxGiD6,,,,,
El Perdedor,1iEwyiSLAunPR6uouANE0O,76,Maluma,,,,,,1r4hJ1h58CWwUQe3MxPuau,,,,,
11 PM,7KbF6AdprOXEEHlsq11Z6d,78,Maluma,,,,,,1r4hJ1h58CWwUQe3MxPuau,,,,,
La Playa - Remix,70zg99pT51vB4wlMS7e4q7,64,Myke Towers,Maluma,Farruko,,,,7iK8PXO48WeuP03g8YR51W,1r4hJ1h58CWwUQe3MxPuau,329e4yvIujISKGKz1BZZbO,,,
HP,1LIqNVhaIgxXUt2eVoIQJ3,75,Maluma,,,,,,1r4hJ1h58CWwUQe3MxPuau,,,,,
Mi Gente,4ipnJyDU3Lq15qBAYNqlqK,73,J Balvin,Willy William,,,,,1vyhD5VmyZ7KMfW5gqLgo5,4RSyJzf7ef6Iu2rnLdabNq,,,,
Vente Pa' Ca (feat. Maluma),7DM4BPaS7uofFul3ywMe46,75,Ricky Martin,Maluma,,,,,7slfeZO9LsJbWgpkIoXBUJ,1r4hJ1h58CWwUQe3MxPuau,,,,
Ya Tu Me Conoces,3ldgkMriNO5qTaIJ4zlNCL,35,Thalia,Mau y Ricky,,,,,23wEWD21D4TPYiJugoXmYb,2wkoKEfS6dXwThbyTnZWFU,,,,
Girasoles,4LdtAljggvH4qzlxNxo559,53,Luis Fonsi,,,,,,4V8Sr092TqfHkfAA5fXXqG,,,,,
Echame La Culpa,0mlAOSILGRys2IbvyOT5VJ,77,Luis Fonsi,Demi Lovato,,,,,4V8Sr092TqfHkfAA5fXXqG,6S2OmqARrzebs0tKUEyXyp,,,,
Date La Vuelta,5lwVd35Zg6DJ4qibVMq99H,60,Luis Fonsi,Sebastian Yatra,Nicky Jam,,,,4V8Sr092TqfHkfAA5fXXqG,07YUOmWljBTXwIseAUd9TW,1SupJlEpv7RS2tPNRaHViT,,,
Rojo,380HmhwTE2NJgawn1NwkXi,73,J Balvin,,,,,,1vyhD5VmyZ7KMfW5gqLgo5,,,,,
Honey Boo,0P0UtGDZpUMWoFCuDTn78K,56,CNCO,NATTI NATASHA,,,,,0eecdvMrqBftK0M1VKhaF4,1GDbiv3spRmZ1XdM1jQbT7,,,,
Dejate Llevar,784NEMxBpeH9MxWF1qr4iu,61,Juan Magan,Belinda,Manuel Turizo,Snova,B-Case,,1ackd5XprZEkH3McKbQD51,5LeiVcEnsZcwc133TUhJNW,0tmwSHipWxN12fsoLcFU3B,5oOyEfGd8NxAKA41zGQhoj,1o9x7ez0NvhDb7gBqrYnUj,
Amor A Primera Vista,1E7RHPXA9sZ30qfms18J7J,46,Los Angeles Azules,Belinda,Lalo Ebratt,Horacio Palencia,,,0ZCO8oVkMj897cKgFH7fRW,5LeiVcEnsZcwc133TUhJNW,1GAymyGBvB4gQy5Z5LZ1Wj,7arK8QUX7X61NIkChn9no2,,
Madrid X Marbella,3DiE3kg9WyLw0s8Sa7aTPE,40,Juan Magan,Belinda,,,,,1ackd5XprZEkH3McKbQD51,5LeiVcEnsZcwc133TUhJNW,,,,
Sin Pijama,2ijef6ni2amuunRoKTlgww,71,Becky G,NATTI NATASHA,,,,,4obzFoKoKRHIphyHzJ35G3,1GDbiv3spRmZ1XdM1jQbT7,,,,
La Bicicleta,0sXvAOmXgjR2QUqLK1MltU,63,Carlos Vives,Shakira,,,,,4vhNDa5ycK0ST968ek7kRr,0EmeFodog0BfCgMzAIvKQp,,,,
"1, 2, 3 (feat. Jason Derulo & De La Ghetto)",4QtiVmuA88tPQiCOHZuQ5b,74,Sofia Reyes,Jason Derulo,De La Ghetto,,,,0haZhu4fFKt0Ag94kZDiz2,07YZf4WDAMNwqr4jfgOZ8y,3EiLUeyEcA6fbRPSHkG5kb,,,
Que Ha Pasao'?,2zkVH2daHyjS51g7PRJFDn,61,Abraham Mateo,Sofia Reyes,,,,,2bxxlINUlcMQQb39K7IopR,0haZhu4fFKt0Ag94kZDiz2,,,,
Si Veo a Tu Mama,41wtwzCZkXwpnakmwJ239F,82,Bad Bunny,,,,,,4q3ewBCX7sLwd24euuV69X,,,,,
Que Pena,5099x34vBakWpGkHourFxP,64,Maluma,J Balvin,,,,,1r4hJ1h58CWwUQe3MxPuau,1vyhD5VmyZ7KMfW5gqLgo5,,,,
Reggaeton Lento (Bailemos),3AEZUABDXNtecAOSC1qTfo,77,CNCO,,,,,,0eecdvMrqBftK0M1VKhaF4,,,,,
Hey DJ,1XgpK29CGGjZnxPYkiRbh4,71,CNCO,Yandel,,,,,0eecdvMrqBftK0M1VKhaF4,0eHQ9o50hj6ZDNBt6Ys1sD,,,,
De Cero,6N7I3N37xvT9kPWfXNgDmo,56,CNCO,,,,,,0eecdvMrqBftK0M1VKhaF4,,,,,
Azul,2lCkncy6bIB0LTMT7kvrD1,74,J Balvin,,,,,,1vyhD5VmyZ7KMfW5gqLgo5,,,,,
"Sunflower (Remix) [with Swae Lee, Nicky Jam, and Prince Royce]",0wt9RjddODlWDetpuaXfRK,72,Post Malone,Swae Lee,Nicky Jam,Prince Royce,G.O Kings Bred,,246dkjvS1zLTtiykXe5h60,1zNqQNIdeOUZHb8zbZRFMX,1SupJlEpv7RS2tPNRaHViT,3MHaV05u0io8fQbZ2XPtlC,7fiP6lgxb6HlZcq8gDYCmE,
No Se Me Quita (feat. Ricky Martin),1GBLO0NFODuL31A5fgw0uR,68,Maluma,Ricky Martin,,,,,1r4hJ1h58CWwUQe3MxPuau,7slfeZO9LsJbWgpkIoXBUJ,,,,
El Prestamo,2XVilv6s9GETnw9PG4T9Mz,66,Maluma,,,,,,1r4hJ1h58CWwUQe3MxPuau,,,,,
Ay Vamos,6Ges5C2IE738iJh4HyQizQ,74,J Balvin,,,,,,1vyhD5VmyZ7KMfW5gqLgo5,,,,,
Que Chimba,0rIZ49wxDf8H2LXOKmAMW5,59,Maluma,,,,,,1r4hJ1h58CWwUQe3MxPuau,,,,,
FEEL THE BEAT,0pGC7cwCOakpvCFYiawNhM,56,Black Eyed Peas,Maluma,,,,,1yxSLGMDHlW21z4YXirZDS,1r4hJ1h58CWwUQe3MxPuau,,,,
Pretend,78Nyf6RlqBANlMhSnKyClT,57,CNCO,,,,,,0eecdvMrqBftK0M1VKhaF4,,,,,
Me Vuelvo Loco,2dhhLFPhKgHI6uSBmTuNUJ,44,Abraham Mateo,CNCO,,,,,2bxxlINUlcMQQb39K7IopR,0eecdvMrqBftK0M1VKhaF4,,,,
Reggaeton Lento (Remix),5PB8zB1MOZASboLquvinMF,0,CNCO,Little Mix,,,,,0eecdvMrqBftK0M1VKhaF4,3e7awlrlDSwF3iM0WBjGMp,,,,
China,2ksOAxtIxY8yElEWw8RhgK,78,Anuel AA,Daddy Yankee,KAROL G,J Balvin,Ozuna,,2R21vXR83lH98kGeO99Y66,4VMYDCV2IEDYJArk749S6m,790FomKkXshlbRYZFtlgla,1vyhD5VmyZ7KMfW5gqLgo5,1i8SpTcr7yvPOmcqrbnVXY,
La Jeepeta - Remix,1mohfLaTJtB2RplHLQVM70,75,Nio Garcia,Anuel AA,Myke Towers,Brray,Juanka,,5hdhHgpxyniooUiQVaPxQ0,2R21vXR83lH98kGeO99Y66,7iK8PXO48WeuP03g8YR51W,1GKIlPFdcewHtpDVCQ8zmJ,3Wb38LDP3N4tkobValgE9D,
No Encuentro Palabras,15kHguIx34aMLWxVQgap63,57,Abraham Mateo,Manuel Turizo,,,,,2bxxlINUlcMQQb39K7IopR,0tmwSHipWxN12fsoLcFU3B,,,,
Esta Rico,2wRkBumdItthjYP9XknImg,66,Marc Anthony,Will Smith,Bad Bunny,,,,4wLXwxDeWQ8mtUIRPxGiD6,41qil2VaGbD194gaEcmmyx,4q3ewBCX7sLwd24euuV69X,,,
Me Voy Enamorando,39Gb80bu5xF0rQtAxTxUS1,61,Chino & Nacho,,,,,,5NS0854TqZQVoRmJKSWtFZ,,,,,
Secreto,5W83ErFkO3aKAIS1WMi6u0,79,Anuel AA,KAROL G,,,,,2R21vXR83lH98kGeO99Y66,790FomKkXshlbRYZFtlgla,,,,
Andas En Mi Cabeza,23WI5V2eD4EyGKxSl7Pyeq,77,Chino & Nacho,Daddy Yankee,,,,,5NS0854TqZQVoRmJKSWtFZ,4VMYDCV2IEDYJArk749S6m,,,,
Besame,3SDvcxPcU7BlV1dAne4dWM,55,Play-N-Skillz,Daddy Yankee,Zion & Lennox,,,,7MP4jhYmFEgb0AtiOkw55s,4VMYDCV2IEDYJArk749S6m,21451j1KhjAiaYKflxBjr1,,,
Robarte un Beso,0JcNysfWVWaMS7R6vzGB2k,78,Carlos Vives,Sebastian Yatra,,,,,4vhNDa5ycK0ST968ek7kRr,07YUOmWljBTXwIseAUd9TW,,,,
No Te Vayas,0bSZTzZALj8fVdpKvP6xiG,53,Carlos Vives,,,,,,4vhNDa5ycK0ST968ek7kRr,,,,,
Tiempo Pa Olvidar,4ZxEsofSa0izhDkNW56LSK,45,Abraham Mateo,Becky G,,,,,2bxxlINUlcMQQb39K7IopR,4obzFoKoKRHIphyHzJ35G3,,,,
Favorito,0jT8Nl0shPS8115is0wD2Q,67,Camilo,,,,,,28gNT5KBp7IjEOQoevXf9N,,,,,
Caramelo,3gD4J3RUHy4OUuZ3qAiaiG,68,Ozuna,,,,,,1i8SpTcr7yvPOmcqrbnVXY,,,,,
La Bella y la Bestia,0G0p7mc4wEaQTsUpzEmkEs,73,Reik,Morat,,,,,0vR2qb8m9WHeZ5ByCbimq2,5C4PDR4LnhZTbVnKWXuDKD,,,,
Volvi a Nacer,6Al0Kpd4VrRZ0Z4kTThNPa,72,Carlos Vives,,,,,,4vhNDa5ycK0ST968ek7kRr,,,,,
Marinero,6x5LBP3nYXVdIDoomChGr3,64,Maluma,,,,,,1r4hJ1h58CWwUQe3MxPuau,,,,,
Por Primera Vez,0pgj4EzB1XRqgZemoMNG5D,69,Camilo,Evaluna Montaner,,,,,28gNT5KBp7IjEOQoevXf9N,52qzWdNUp6ebjcNsvgZSiC,,,,
Indeciso,59s0s39NFWScuHDbHytI14,72,Reik,J Balvin,Lalo Ebratt,,,,0vR2qb8m9WHeZ5ByCbimq2,1vyhD5VmyZ7KMfW5gqLgo5,1GAymyGBvB4gQy5Z5LZ1Wj,,,
Si Me Dices Que Si,56Ta1O7Jxxpjnc6cWdDKUo,73,Reik,Farruko,Camilo,,,,0vR2qb8m9WHeZ5ByCbimq2,329e4yvIujISKGKz1BZZbO,28gNT5KBp7IjEOQoevXf9N,,,
Amigos Con Derechos,4yVO0wOhXsZC1RuPgHP524,75,Reik,Maluma,,,,,0vR2qb8m9WHeZ5ByCbimq2,1r4hJ1h58CWwUQe3MxPuau,,,,
Otra vez (feat. J Balvin),3QwBODjSEzelZyVjxPOHdq,80,Zion & Lennox,J Balvin,,,,,21451j1KhjAiaYKflxBjr1,1vyhD5VmyZ7KMfW5gqLgo5,,,,
Felices los 4 (feat. Marc Anthony) - Salsa Version,6PNG5G1v7pU74I13KkvAIo,65,Maluma,Marc Anthony,,,,,1r4hJ1h58CWwUQe3MxPuau,4wLXwxDeWQ8mtUIRPxGiD6,,,,
Cuando Estas Tu,1qZK2nOljXMWpIdOXmandN,42,Sofia Reyes,Piso 21,,,,,0haZhu4fFKt0Ag94kZDiz2,4bw2Am3p9ji3mYsXNXtQcd,,,,
Destino,041Kcvnw8nOdq8xiRibPTG,71,Greeicy,Nacho,,,,,5dbaLmK5SHLLg8Z4CcTJpX,2ayNSoKPCRAfjp6hQ76hRu,,,,
Los Besos,6QSu3mgC8kUYtEDoBBQcJG,63,Greeicy,,,,,,5dbaLmK5SHLLg8Z4CcTJpX,,,,,
22,07L6tEZIfCX3GZAWCpGj0e,8,TINI,Greeicy,,,,,7vXDAI8JwjW531ouMGbfcp,5dbaLmK5SHLLg8Z4CcTJpX,,,,
Fresa,4BCPItsB94KDLuERZT3aNM,8,TINI,Lalo Ebratt,,,,,7vXDAI8JwjW531ouMGbfcp,1GAymyGBvB4gQy5Z5LZ1Wj,,,,
Princesa,1ubDiR5IoDFOk1DOtXdWfL,3,TINI,KAROL G,,,,,7vXDAI8JwjW531ouMGbfcp,790FomKkXshlbRYZFtlgla,,,,
Amantes,3IyPnNX142pvWx6D5CiimD,70,Greeicy,Mike Bahia,,,,,5dbaLmK5SHLLg8Z4CcTJpX,1phfTBIocBW3UwqcYjaEN6,,,,
Aguardiente,7ex5TNhdJsNNVpovfntqg3,53,Greeicy,,,,,,5dbaLmK5SHLLg8Z4CcTJpX,,,,,
If The World Was Ending - Spanglish Version,5Lp9GcZAY7H2M2NjIS3Cdn,56,JP Saxe,Evaluna Montaner,,,,,66W9LaWS0DPdL7Sz8iYGYe,52qzWdNUp6ebjcNsvgZSiC,,,,
Me Libere,54o97glZqjfQambK2yyNCG,52,Evaluna Montaner,,,,,,52qzWdNUp6ebjcNsvgZSiC,,,,,
Raro,0uWQJjpeECRQhqKut9d2I7,19,Nacho,Chyno Miranda,Chino & Nacho,,,,2ayNSoKPCRAfjp6hQ76hRu,1VrWc8r4AjrR8YfT0vlsc7,5NS0854TqZQVoRmJKSWtFZ,,,
Como Mirarte,3LCEPpWeFpp6EONBsL2qbk,50,Sebastian Yatra,,,,,,07YUOmWljBTXwIseAUd9TW,,,,,
La Boca,0UQwlF2pRkr1lMN6kNNUj3,71,Mau y Ricky,Camilo,,,,,2wkoKEfS6dXwThbyTnZWFU,28gNT5KBp7IjEOQoevXf9N,,,,
My Only One (No Hay Nadie Mas),1gJA27xiMdENwoAVN7kMlo,67,Sebastian Yatra,Isabela Merced,,,,,07YUOmWljBTXwIseAUd9TW,2bIxak1AAD8wlDfMLnumUj,,,,
Bigger Love - Remix,5lBPTs70Ep45LLpWNlkipA,28,John Legend,Mau y Ricky,,,,,5y2Xq6xcjJb2jVM54GHK3t,2wkoKEfS6dXwThbyTnZWFU,,,,
Me Enamora,2hdhH9YsYQInj4NYU75XZZ,59,Mau y Ricky,,,,,,2wkoKEfS6dXwThbyTnZWFU,,,,,
Desconocidos,56f5qnyAlZdlz8wrUDA50h,76,Mau y Ricky,Manuel Turizo,Camilo,,,,2wkoKEfS6dXwThbyTnZWFU,0tmwSHipWxN12fsoLcFU3B,28gNT5KBp7IjEOQoevXf9N,,,
Ya No Tiene Novio,7uQmJ1jgNzBpATSoWKSPFu,72,Sebastian Yatra,Mau y Ricky,,,,,07YUOmWljBTXwIseAUd9TW,2wkoKEfS6dXwThbyTnZWFU,,,,
Quiereme Mientras Se Pueda,34LI7rwi9H8w2S5KTHnv1M,71,Manuel Turizo,,,,,,0tmwSHipWxN12fsoLcFU3B,,,,,
Hawai,4uoR6qeWeuL4Qeu2qJzkuG,74,Maluma,,,,,,1r4hJ1h58CWwUQe3MxPuau,,,,,
Tusa,7k4t7uLgtOxPwTpFmtJNTY,79,KAROL G,Nicki Minaj,,,,,790FomKkXshlbRYZFtlgla,0hCNtLu0JehylgoiP8L4Gh,,,,
No Hay Nadie Mas,3IPJg1sdqLj12kFIndaonN,78,Sebastian Yatra,,,,,,07YUOmWljBTXwIseAUd9TW,,,,,
Nada Ha Cambiado,0uv14vi55Evco7lDLDj87P,49,Manuel Turizo,,,,,,0tmwSHipWxN12fsoLcFU3B,,,,,
PAPAS,2pI0OyprOJssVYlqx9ZO3t,51,Mau y Ricky,,,,,,2wkoKEfS6dXwThbyTnZWFU,,,,,
No Te Vayas,4k9byIhs9ppbYWE22waJMB,60,Camilo,,,,,,28gNT5KBp7IjEOQoevXf9N,,,,,
Quiero Volver,5NrIX1ozc9LGt19ISgPDIY,4,TINI,Sebastian Yatra,,,,,7vXDAI8JwjW531ouMGbfcp,07YUOmWljBTXwIseAUd9TW,,,,
Cristina,1Kjer1JoWuJGNwGV6Pbgv1,63,Sebastian Yatra,,,,,,07YUOmWljBTXwIseAUd9TW,,,,,
Que Vas a Hacer?,2KOlQ5BfzhNe79KtGHDJ8S,57,Ricardo Montaner,,,,,,4uoz4FUMvpeyGClFTTDBsD,,,,,
Odio Que No Te Odio,374Yj1kOLjGLYLOydbCO3i,65,Lasso,Cami,,,,,3SCOuAxngTC1yGjKMcIPEd,3VCrybIJKH7UurbDcZbMmn,,,,
Querida Rosa,6wBrZZ1LyiBxytLnpgnlhf,60,Cami,,,,,,3VCrybIJKH7UurbDcZbMmn,,,,,
Me va a extran1ar (aka Unchain My Heart),35436ddSANnATz1eBT5FAY,65,Ricardo Montaner,,,,,,4uoz4FUMvpeyGClFTTDBsD,,,,,
Medallo City,4MOCTTqqdLyATKQG3tj4at,48,Maluma,,,,,,1r4hJ1h58CWwUQe3MxPuau,,,,,
Parce (feat. Justin Quiles),4RJz8NfIe09gpKMiRUWKhJ,71,Maluma,Lenny Tavarez,Justin Quiles,,,,1r4hJ1h58CWwUQe3MxPuau,1pQWsZQehhS4wavwh7Fnxd,14zUHaJZo1mnYtn6IBRaRP,,,
Salida de Escape,7GPjZzWf2nBGwWD0rcGzjJ,47,Maluma,,,,,,1r4hJ1h58CWwUQe3MxPuau,,,,,
Cielo a un Diablo,7fOmJs2dwIJGFc90D8UzRu,57,Maluma,,,,,,1r4hJ1h58CWwUQe3MxPuau,,,,,
Los Consejos,17A6MT3U1YKYsYpn3tOEpA,57,Greeicy,,,,,,5dbaLmK5SHLLg8Z4CcTJpX,,,,,
El Mismo Aire - con Pablo Alboran,5EbtodsuLbxrFDH6j5avVS,75,Camilo,Pablo Alboran,,,,,28gNT5KBp7IjEOQoevXf9N,5M9Bb4adKAgrOFOhc05Y50,,,,
Oye,09nSCeCs6eYfAIJVfye1CE,9,TINI,Sebastian Yatra,,,,,7vXDAI8JwjW531ouMGbfcp,07YUOmWljBTXwIseAUd9TW,,,,
ADMV - Version Urbana,3LoNDgFKiaFYSyzhNESwo3,62,Maluma,,,,,,1r4hJ1h58CWwUQe3MxPuau,,,,,
Esta Noche,4vhkI8x68EaGQR3Kn7Pwhc,74,Mike Bahia,Greeicy,,,,,1phfTBIocBW3UwqcYjaEN6,5dbaLmK5SHLLg8Z4CcTJpX,,,,
Detente,0x1k6gSTSxaLxe0F2IThaX,72,Mike Bahia,Danny Ocean,,,,,1phfTBIocBW3UwqcYjaEN6,5H1nN1SzW0qNeUEZvuXjAj,,,,
Como Estas?,39UW0ALFyTXCNpCNxBUdNP,48,Mike Bahia,,,,,,1phfTBIocBW3UwqcYjaEN6,,,,,
Sufrimos De Lo Mismo,4MfgiylBOsMHirFwqSJssN,55,Mike Bahia,,,,,,1phfTBIocBW3UwqcYjaEN6,,,,,
Si Tu Amor No Vuelve,1Q2uBll5mMW8BY4T9XSrCo,60,Greeicy,Mike Bahia,,,,,5dbaLmK5SHLLg8Z4CcTJpX,1phfTBIocBW3UwqcYjaEN6,,,,
Mas Fuerte,6PLihys6LLwbCI9GRByWZ0,66,Greeicy,,,,,,5dbaLmK5SHLLg8Z4CcTJpX,,,,,
La Magia de Tus Ojos - Version Pop,3GhOpiYR8x3fSTohVMHOWD,58,Joss Favela,Greeicy,,,,,0EocQPg9ycs21gcvaVm9hh,5dbaLmK5SHLLg8Z4CcTJpX,,,,
Cuenta Conmigo (feat. Mozart La Para),3KvK89jd2onVdthF4hZNN4,56,Mike Bahia,Llane,Pj Sin Suela,Mozart La Para,,,1phfTBIocBW3UwqcYjaEN6,7A02nc5WKMBLqSKXxGZ4o8,0AdjzZxHJ4MfbImx2rD0Df,0odliLZMTk45CEVzF3Zocl,,
Madrid (feat. Myke Towers),19OXtYzrJyCrQvTbfukt4H,71,Maluma,Myke Towers,,,,,1r4hJ1h58CWwUQe3MxPuau,7iK8PXO48WeuP03g8YR51W,,,,
Despeinada,71cbRI2v81hE6TkKSQOwik,60,Ozuna,Camilo,,,,,1i8SpTcr7yvPOmcqrbnVXY,28gNT5KBp7IjEOQoevXf9N,,,,
Una Lady Como Tu,7MHN1aCFtLXjownGhvEQlF,72,Manuel Turizo,,,,,,0tmwSHipWxN12fsoLcFU3B,,,,,
Tutu,1nocRtwyNPVtGcIJqfgdzZ,69,Camilo,Pedro Capo,,,,,28gNT5KBp7IjEOQoevXf9N,4QVBYiagIaa6ZGSPMbybpy,,,,
Pegao,65HT0L2eAtvbH56XrJqPbf,55,CNCO,Manuel Turizo,,,,,0eecdvMrqBftK0M1VKhaF4,0tmwSHipWxN12fsoLcFU3B,,,,
Tattoo - Remix with Camilo,4ZRrLHqzhGRXYj2qcB4s5S,72,Rauw Alejandro,Camilo,,,,,1mcTU81TzQhprhouKaTkpq,28gNT5KBp7IjEOQoevXf9N,,,,
Medialuna,2RrJRSIdGweb6clmo5NRxp,59,Camilo,,,,,,28gNT5KBp7IjEOQoevXf9N,,,,,
Primer Avion,1CaBwYdWhxUeE4j3w0WqbL,0,Matisse,Camilo,,,,,77aLk6J8ofnVxa1eXK9jiU,28gNT5KBp7IjEOQoevXf9N,,,,
Tutu - Remix,302I7g0l3jmAbzFu9WBCmu,58,Camilo,Shakira,Pedro Capo,,,,28gNT5KBp7IjEOQoevXf9N,0EmeFodog0BfCgMzAIvKQp,4QVBYiagIaa6ZGSPMbybpy,,,
Vida de Rico,73nAK3HgQK8dak83Y2WQ8F,71,Camilo,,,,,,28gNT5KBp7IjEOQoevXf9N,,,,,
"Mi Mala (feat. Becky G, Leslie Grace & Lali) - Remix",27xFMBWh15wyYGGAVrEMuK,66,Mau y Ricky,KAROL G,Becky G,Leslie Grace,Lali,,2wkoKEfS6dXwThbyTnZWFU,790FomKkXshlbRYZFtlgla,4obzFoKoKRHIphyHzJ35G3,6BeO1KuAWBqFriL1mLHtNc,22P1OY4TRFRwhP0q29loQ8,
No Bailes Sola,1GNSWpe2SB30zYGbNTD96b,64,Danna Paola,Sebastian Yatra,,,,,5xSx2FM8mQnrfgM1QsHniB,07YUOmWljBTXwIseAUd9TW,,,,
Mi Mala,3OuRc4Wfy9jhJmDH2LPrcI,59,Mau y Ricky,KAROL G,,,,,2wkoKEfS6dXwThbyTnZWFU,790FomKkXshlbRYZFtlgla,,,,
Pa Ti,4agLM5EfiWR2AKMq7gFwcM,57,Jennifer Lopez,Maluma,,,,,2DlGxzQSjYe5N6G9nkYghR,1r4hJ1h58CWwUQe3MxPuau,,,,
Lights Down Low - Latin Mix,3s0g3jrwPaBWNF9lWnZ9kY,39,MAX,TINI,,,,,1bqxdqvUtPWZri43cKHac8,7vXDAI8JwjW531ouMGbfcp,,,,
Muerte En Hawaii,3kNVYo6BJE9AENxzokM9YC,75,Calle 13,,,,,,0yNSzH5nZmHzeE2xn6Xshb,,,,,
Por Que Te Vas,70c9sdkTnDiehSDOCxCnDc,4,TINI,Cali Y El Dandee,,,,,7vXDAI8JwjW531ouMGbfcp,5DUlefCLzVRzNWaNURTFpK,,,,
La Grosera,0KEdaZfGUjxZbvGWqjsfER,45,Mau y Ricky,,,,,,2wkoKEfS6dXwThbyTnZWFU,,,,,
Avioncito de Papel,6egy0VnC8Bk0Spubi8Xe1W,0,Dani Martin,Camilo,,,,,3AIPhNgeF9S1Kyg9Yy3UQW,28gNT5KBp7IjEOQoevXf9N,,,,
Runaway,7BuSE9uTIw931wtZYzvZcQ,63,Sebastian Yatra,Daddy Yankee,NATTI NATASHA,Jonas Brothers,,,07YUOmWljBTXwIseAUd9TW,4VMYDCV2IEDYJArk749S6m,1GDbiv3spRmZ1XdM1jQbT7,7gOdHgIoIKoe4i9Tta6qdD,,
La Respuesta,2fOjendzUzepHwR9QrVyYF,61,Becky G,Maluma,,,,,4obzFoKoKRHIphyHzJ35G3,1r4hJ1h58CWwUQe3MxPuau,,,,
Que Dirias?,3HPvXWekjDqIppRxhpHkDT,52,Mau y Ricky,,,,,,2wkoKEfS6dXwThbyTnZWFU,,,,,
"Hey Stupid, I Love You (feat. Mau y Ricky) - Spanglish Version",2uwXGXzeoSDxXzNvnsUtij,34,JP Saxe,Mau y Ricky,,,,,66W9LaWS0DPdL7Sz8iYGYe,2wkoKEfS6dXwThbyTnZWFU,,,,
South of the Border (feat. Camila Cabello & Cardi B),1pPWLAfELypeAmi0bMdEXu,42,Ed Sheeran,Camila Cabello,Cardi B,,,,6eUKZXaKkcviH0Ku9w2n3V,4nDoRrQiYLoBzwC5BhVJzF,4kYSro6naA4h99UJvo89HB,,,
Chica Ideal,21N4Buj4xsyLb218lYle61,72,Sebastian Yatra,Guaynaa,,,,,07YUOmWljBTXwIseAUd9TW,0BqURncJM5B1BBu7UM51eq,,,,
Un Beso en Madrid,0KTwYI4vwidX9qip7ViAEQ,8,TINI,Alejandro Sanz,,,,,7vXDAI8JwjW531ouMGbfcp,5sUrlPAHlS9NEirDB8SEbF,,,,
DAKITI,47EiUVwUp4C9fGccaPuUCS,84,Bad Bunny,Jhayco,,,,,4q3ewBCX7sLwd24euuV69X,6nVcHLIgY5pE2YCl8ubca1,,,,
Hawai - Remix,0GzuHFG4Ql6DoyxFRnIk3F,73,Maluma,The Weeknd,,,,,1r4hJ1h58CWwUQe3MxPuau,1Xyo4u8uXC1ZmMpatF05PJ,,,,
Reflejo - Version de Yeimy,2pZu1k3cFTPI3bbO42h8DF,0,Caracol Television,Hernan Dario Ramirez Mejia,,,,,6Rk6tAhO16QKZZtYFrHMbm,5FaLqNNsScxgqvtmAdl3xl,,,,
SUTRA,6ELe1Do1bYtaCtLqjYTglW,53,Sebastian Yatra,Dalmata,,,,,07YUOmWljBTXwIseAUd9TW,3jGlU8UMMo44I2xeLQ6FD3,,,,
Traicionera,4Ft0391aLVNtCPPseh98lp,76,Sebastian Yatra,,,,,,07YUOmWljBTXwIseAUd9TW,,,,,
Reflejo - Version de Charly,5txLogjkNolOwyipSiqIxr,0,Caracol Television,Gelo Arango,,,,,6Rk6tAhO16QKZZtYFrHMbm,1IDFD0FecyWg2rjm5iNcZo,,,,
Borro Cassette,6DUdDIRgLqCGq1DwkNWQTN,81,Maluma,,,,,,1r4hJ1h58CWwUQe3MxPuau,,,,,
Estamos Perdiendo el Tiempo,5dGRw0gvI3SyiYDyp6Qq3Y,0,Caracol Television,David Botero,,,,,6Rk6tAhO16QKZZtYFrHMbm,5MDgKcKetNzuCiItXkK1dG,,,,
Calma - Remix,5iwz1NiezX7WWjnCgY5TH4,77,Pedro Capo,Farruko,,,,,4QVBYiagIaa6ZGSPMbybpy,329e4yvIujISKGKz1BZZbO,,,,
Fenix,0bXaqyJJjMlSRKwGIegGGJ,0,Caracol Television,Hernan Dario Ramirez Mejia,,,,,6Rk6tAhO16QKZZtYFrHMbm,5FaLqNNsScxgqvtmAdl3xl,,,,
Perdoname - Version de Yeimy,1CZ8GE2G3uKlUmcbYYZ8wP,0,Caracol Television,Hernan Dario Ramirez Mejia,,,,,6Rk6tAhO16QKZZtYFrHMbm,5FaLqNNsScxgqvtmAdl3xl,,,,
Bella Dama,5LTMj0YYDGNXtFfxKH45yp,0,Caracol Television,Hernan Dario Ramirez Mejia,Brian Castro,,,,6Rk6tAhO16QKZZtYFrHMbm,5FaLqNNsScxgqvtmAdl3xl,1sIoWXRfR1dgisFsVTo07m,,,
Familia,6rTTULWwFWf5jhQ9Smlb13,0,Caracol Television,David Botero,,,,,6Rk6tAhO16QKZZtYFrHMbm,5MDgKcKetNzuCiItXkK1dG,,,,
Un An1o,2vrpcQNg6itmgVZWsNjWe0,75,Sebastian Yatra,Reik,,,,,07YUOmWljBTXwIseAUd9TW,0vR2qb8m9WHeZ5ByCbimq2,,,,
Ser un Cantante,7mT6lBaAz22Ki61n8MWOUi,44,Manuel Turizo,Caracol Television,,,,,0tmwSHipWxN12fsoLcFU3B,6Rk6tAhO16QKZZtYFrHMbm,,,,
Imposible Amor,0fehAJVm4Yk9a1jlKi1B0q,0,Matisse,Guaynaa,,,,,77aLk6J8ofnVxa1eXK9jiU,0BqURncJM5B1BBu7UM51eq,,,,
Amor Imposible - Version de Erick,59fevrQI1poILO15e6jmvg,0,Caracol Television,David Botero,,,,,6Rk6tAhO16QKZZtYFrHMbm,5MDgKcKetNzuCiItXkK1dG,,,,
Enamorandome de Ti,0vKwgPYaTp3E0pmdULHWOF,0,Caracol Television,David Botero,,,,,6Rk6tAhO16QKZZtYFrHMbm,5MDgKcKetNzuCiItXkK1dG,,,,
Depredador,3YG4UDfkJOmauWnFl40Ugp,0,Caracol Television,Hernan Dario Ramirez Mejia,,,,,6Rk6tAhO16QKZZtYFrHMbm,5FaLqNNsScxgqvtmAdl3xl,,,,
Ser Un Cantante,2ykqfi8Yew6aj3VYYIZlom,0,Caracol Television,Manuel Turizo,,,,,6Rk6tAhO16QKZZtYFrHMbm,0tmwSHipWxN12fsoLcFU3B,,,,
Puro Flow,51i6RjNZdNZRHeSMllWJsC,0,Caracol Television,Santiago Montesdeoca,Jaime Serna,Felipe Betancur,,,6Rk6tAhO16QKZZtYFrHMbm,7vyGMLTySd09CrshPZLLQ7,6YjFXthOIczdMzgJT0S0Fs,7ph0AoUrfF8rKI5k55Dl7Z,,
Eres Tu,4tRFdhdqMUkGfnAkis3lNv,0,Matisse,Reik,,,,,77aLk6J8ofnVxa1eXK9jiU,0vR2qb8m9WHeZ5ByCbimq2,,,,
Mas Que Amigos,06PcFr42yEwK5Dv2cdkcC0,66,Matisse,,,,,,77aLk6J8ofnVxa1eXK9jiU,,,,,
Amor Imposible - Version de Yeimy,3kbCYlHhuk8fnJpT83kDsn,0,Caracol Television,Hernan Dario Ramirez Mejia,,,,,6Rk6tAhO16QKZZtYFrHMbm,5FaLqNNsScxgqvtmAdl3xl,,,,
Bombon,5Y13Fg1Gi9K71AJL1IpShG,0,Caracol Television,David Botero,,,,,6Rk6tAhO16QKZZtYFrHMbm,5MDgKcKetNzuCiItXkK1dG,,,,
Quiereme,5N99e6LuN2tknGikNAwl8n,52,Mike Bahia,,,,,,1phfTBIocBW3UwqcYjaEN6,,,,,
Voy a Olvidarme,29aMI3whK7rUFEB91nfzSQ,0,Caracol Television,David Botero,,,,,6Rk6tAhO16QKZZtYFrHMbm,5MDgKcKetNzuCiItXkK1dG,,,,
Tienes la Fuerza - Version de Erick,42h01O1j2WAqBHmCaQJzni,0,Caracol Television,David Botero,,,,,6Rk6tAhO16QKZZtYFrHMbm,5MDgKcKetNzuCiItXkK1dG,,,,
BICHOTA,7vrJn5hDSXRmdXoR30KgF1,76,KAROL G,,,,,,790FomKkXshlbRYZFtlgla,,,,,
"Ay, Ay",4MPPzIxQXworEyDIy0ffdd,50,Matisse,,,,,,77aLk6J8ofnVxa1eXK9jiU,,,,,
Mas De La Una,69Y5IZuBvGyzySFt5x7kCq,61,Piso 21,Maluma,,,,,4bw2Am3p9ji3mYsXNXtQcd,1r4hJ1h58CWwUQe3MxPuau,,,,
Perdiendo la Cabeza,2GTCK8zYHwkcu0i0jtKjFz,65,Carlos Rivera,Becky G,Pedro Capo,,,,39yVoqm6sYFvvqF1RciUVf,4obzFoKoKRHIphyHzJ35G3,4QVBYiagIaa6ZGSPMbybpy,,,
Aleluya,23CsjGOYDQiJpX44BSn9TM,70,Reik,Manuel Turizo,,,,,0vR2qb8m9WHeZ5ByCbimq2,0tmwSHipWxN12fsoLcFU3B,,,,
GIRL LIKE ME,0LUdGEOj20wBg5M9BHrFTl,54,Black Eyed Peas,Shakira,,,,,1yxSLGMDHlW21z4YXirZDS,0EmeFodog0BfCgMzAIvKQp,,,,
Mi Persona Favorita,3eB9M6owEHwk4nNrZRNUwd,64,Alejandro Sanz,Camila Cabello,,,,,5sUrlPAHlS9NEirDB8SEbF,4nDoRrQiYLoBzwC5BhVJzF,,,,
Tiburones,1zIshc2P9l5AZsOpJWmdTM,63,Ricky Martin,,,,,,7slfeZO9LsJbWgpkIoXBUJ,,,,,
Esperandote,6DPp7xKJ4WS71HldGA038M,70,Manuel Turizo,,,,,,0tmwSHipWxN12fsoLcFU3B,,,,,
Culpables,2zufEOvbBeIzYnRktwYk1W,73,Manuel Turizo,,,,,,0tmwSHipWxN12fsoLcFU3B,,,,,
Esclavo de Tus Besos,0WpwK09agFbwEUaNrGnXoe,61,Manuel Turizo,Ozuna,,,,,0tmwSHipWxN12fsoLcFU3B,1i8SpTcr7yvPOmcqrbnVXY,,,,
Caso Perdido,4o7sjNZ3EtL7b8CDalIAlo,50,Manuel Turizo,,,,,,0tmwSHipWxN12fsoLcFU3B,,,,,
Amen,7AjcJrynzHWlawo87kafY2,58,Ricardo Montaner,Mau y Ricky,Camilo,Evaluna Montaner,,,4uoz4FUMvpeyGClFTTDBsD,2wkoKEfS6dXwThbyTnZWFU,28gNT5KBp7IjEOQoevXf9N,52qzWdNUp6ebjcNsvgZSiC,,
BEBE,7D7EH7MGyNHWSkqrszerI1,69,Camilo,El Alfa,,,,,28gNT5KBp7IjEOQoevXf9N,2oQX8QiMXOyuqbcZEFsZfm,,,,
Cuando Te Vi,5cqnOcKNbjGL3v7YZB60bg,49,Greeicy,,,,,,5dbaLmK5SHLLg8Z4CcTJpX,,,,,
Te Vi,059bcIhyc2SBwm6sw2AZzd,81,Piso 21,Micro TDH,,,,,4bw2Am3p9ji3mYsXNXtQcd,1aWJsBQa67l72j1VT3D6Ow,,,,
Nada,4K8cyoCDovlc4FvtUr2Hfx,65,Cali Y El Dandee,Danna Paola,,,,,5DUlefCLzVRzNWaNURTFpK,5xSx2FM8mQnrfgM1QsHniB,,,,
TBT,4s45VgkknMFkdiGoUcjxQU,64,Sebastian Yatra,Rauw Alejandro,Manuel Turizo,,,,07YUOmWljBTXwIseAUd9TW,1mcTU81TzQhprhouKaTkpq,0tmwSHipWxN12fsoLcFU3B,,,
Mala Costumbre,70uX4beGHc1nQikXveOknp,66,Manuel Turizo,Wisin & Yandel,,,,,0tmwSHipWxN12fsoLcFU3B,1wZtkThiXbVNtj6hee6dz9,,,,
Mi Lado Mas Frio,1A4nuxrzlOHTNKScD0JA0P,38,Marco Mares,Melissa Robles,,,,,5Eg5ZoZgXAa1Eit48sxoKQ,03Qx159jmT9mvmw5YjzvAs,,,,
Fantasias - Unplugged,6qqd7DGn2VXzxsR4k3Ycun,60,Rauw Alejandro,Farruko,,,,,1mcTU81TzQhprhouKaTkpq,329e4yvIujISKGKz1BZZbO,,,,
Fantasias,6mAN61JH0dzyZpWslS11jy,77,Rauw Alejandro,Farruko,,,,,1mcTU81TzQhprhouKaTkpq,329e4yvIujISKGKz1BZZbO,,,,
La Dificil,6fNJm8sYmCBbmkKpKgTReA,60,Camilo,,,,,,28gNT5KBp7IjEOQoevXf9N,,,,,
Creeme,4EKZsrsCKyqr64FBHLc0DU,70,KAROL G,Maluma,,,,,790FomKkXshlbRYZFtlgla,1r4hJ1h58CWwUQe3MxPuau,,,,
Mala Fama,2D9itdl85AQVNpTfrxvUGj,74,Danna Paola,,,,,,5xSx2FM8mQnrfgM1QsHniB,,,,,
Corazon (feat. Nego do Borel),5cepAtqnEQ6yVG6088zMMu,74,Maluma,Nego do Borel,,,,,1r4hJ1h58CWwUQe3MxPuau,1B0Rp4SWGnFgGCPU5Pju6E,,,,
Desesperado (Voy A Tomar),4tvtsvgrIksr7iqzPeADXB,60,Joey Montana,Greeicy,Cali Y El Dandee,,,,3ATyg4fGC9F8trfb0GRWmX,5dbaLmK5SHLLg8Z4CcTJpX,5DUlefCLzVRzNWaNURTFpK,,,
Ropa Cara,7BIy3EGQhg98CsRdKYHnJC,62,Camilo,,,,,,28gNT5KBp7IjEOQoevXf9N,,,,,
Don't Go - Spanish Version,61Q9TqLtp75pMpSFOeLHWz,30,Isabela Merced,Danna Paola,,,,,2bIxak1AAD8wlDfMLnumUj,5xSx2FM8mQnrfgM1QsHniB,,,,
Si Tu Te Vas,5fncLNZgQmsV3535P2k5RP,54,Ximena Sarin1ana,,,,,,7plUpXSFcSJUZSiZAoXqr1,,,,,
Recuerdo,3DjInVTE03icrWsq2UZV9n,6,TINI,Mau y Ricky,,,,,7vXDAI8JwjW531ouMGbfcp,2wkoKEfS6dXwThbyTnZWFU,,,,
Locura,5379uuUPHodsdVhy8pIAAr,64,Cali Y El Dandee,Sebastian Yatra,,,,,5DUlefCLzVRzNWaNURTFpK,07YUOmWljBTXwIseAUd9TW,,,,
Uno Mas Uno,2EI0oMlblptqVqHRo05UdT,48,Evaluna Montaner,,,,,,52qzWdNUp6ebjcNsvgZSiC,,,,,
Medellin (with Maluma),6mfu6jyFgvnXeTPQrYNs8d,57,Madonna,Maluma,,,,,6tbjWDEIzxoDsBA1FuhfPW,1r4hJ1h58CWwUQe3MxPuau,,,,
Hey Ma (with Pitbull & J Balvin feat. Camila Cabello),2Vdub5mY4lad7w64bFPUez,56,Pitbull,J Balvin,Camila Cabello,,,,0TnOYISbd1XYRBk9myaseg,1vyhD5VmyZ7KMfW5gqLgo5,4nDoRrQiYLoBzwC5BhVJzF,,,
Agua de Jamaica,41BzKiCrKpUQHS3TP0jmdr,64,Maluma,,,,,,1r4hJ1h58CWwUQe3MxPuau,,,,,
Ravin',0AT08pe7CNV34sDKmTyh5b,46,Charly Black,Sean Paul,Greeicy,,,,5sK8BsvyDl4TFA6KaBf8or,3Isy6kedDrgPYoTS1dazA9,5dbaLmK5SHLLg8Z4CcTJpX,,,
Oye Pablo,6vruVVMkk7YGKzkuIrtOWz,67,Danna Paola,,,,,,5xSx2FM8mQnrfgM1QsHniB,,,,,
Chantaje (feat. Maluma) - Version Salsa,7FbaWIOO2WojXWw2DUyEVv,52,Shakira,Maluma,,,,,0EmeFodog0BfCgMzAIvKQp,1r4hJ1h58CWwUQe3MxPuau,,,,
Mayores,7JNh1cfm0eXjqFVOzKLyau,67,Becky G,Bad Bunny,,,,,4obzFoKoKRHIphyHzJ35G3,4q3ewBCX7sLwd24euuV69X,,,,
LOCATION,5Km4r87BoX2qqtoprYS1gh,70,KAROL G,Anuel AA,J Balvin,,,,790FomKkXshlbRYZFtlgla,2R21vXR83lH98kGeO99Y66,1vyhD5VmyZ7KMfW5gqLgo5,,,
EL MAKINON,2FSGUA0gFgGeQdprjtGM2M,78,KAROL G,Mariah Angeliq,,,,,790FomKkXshlbRYZFtlgla,0KKUc4amZyvswV2YL6WTar,,,,
Contigo,7f8FPVZ0frAO4aWtgzGrXr,46,Nacho,Greeicy,,,,,2ayNSoKPCRAfjp6hQ76hRu,5dbaLmK5SHLLg8Z4CcTJpX,,,,
Hola Sen1orita,7as5IRLG32wsI0Zf7kT3BL,23,GIMS,Maluma,,,,,0GOx72r5AAEKRGQFn3xqXK,1r4hJ1h58CWwUQe3MxPuau,,,,
Cancion Bonita,5iF33sXejXwfTuidVHMll0,71,Carlos Vives,Ricky Martin,,,,,4vhNDa5ycK0ST968ek7kRr,7slfeZO9LsJbWgpkIoXBUJ,,,,
Rumba (Puro Oro Anthem),2KNcIEF7mHjChtXSPddVmu,54,Maluma,,,,,,1r4hJ1h58CWwUQe3MxPuau,,,,,
Pareja Del An1o,2rCbl9naJYhaxjLsfx88uM,77,Sebastian Yatra,Myke Towers,,,,,07YUOmWljBTXwIseAUd9TW,7iK8PXO48WeuP03g8YR51W,,,,
Aloha,5RAIMjdrCEjpjaR5tBATXU,71,Maluma,Beele,Rauw Alejandro,Mambo Kingz,DJ Luian,Darell,1r4hJ1h58CWwUQe3MxPuau,7a0XAaPaK2aDSqa8p3QnC7,1mcTU81TzQhprhouKaTkpq,2T1aUibqR2QC2sINIDQOAK,64aJYyrXljOodnUG6jvhRD,1TtXnWcUs0FCkaZDPGYHdf
Amor en Coma,3RasiWohReHWYM1FJ9d1ZD,66,Manuel Turizo,Maluma,,,,,0tmwSHipWxN12fsoLcFU3B,1r4hJ1h58CWwUQe3MxPuau,,,,
Todo De Ti,4fSIb4hdOQ151TILNsSEaF,82,Rauw Alejandro,,,,,,1mcTU81TzQhprhouKaTkpq,,,,,
BOBO,52wspfpsfPcsw7pw8dnQyM,56,Mariah Angeliq,Bad Gyal,Maria Becerra,,,,0KKUc4amZyvswV2YL6WTar,4F4pp8NUW08JuXwnoxglpN,1DxLCyH42yaHKGK3cl5bvG,,,
Casualidad,5FcT2TuosRkokjn3xyncER,62,Sofia Reyes,Pedro Capo,,,,,0haZhu4fFKt0Ag94kZDiz2,4QVBYiagIaa6ZGSPMbybpy,,,,
Animal,3OXxCquI8i14EigwILaLx9,56,Maria Becerra,Cazzu,,,,,1DxLCyH42yaHKGK3cl5bvG,6w3SkAHYPsQ1bxV7VDlG5y,,,,
Mienteme,0cOa970mzTWAxKtltpkpLc,79,TINI,Maria Becerra,,,,,7vXDAI8JwjW531ouMGbfcp,1DxLCyH42yaHKGK3cl5bvG,,,,
No Pasa Nada,3Y8xqiwesgj5ytOPpHo6Nx,49,Pitizion,Greeicy,,,,,0GWdY55YF6xzN5L1A0X8nq,5dbaLmK5SHLLg8Z4CcTJpX,,,,
No Es No,2PLX2vZhyo3iKYmiWSTyhr,36,Joey Montana,Pitizion,,,,,3ATyg4fGC9F8trfb0GRWmX,0GWdY55YF6xzN5L1A0X8nq,,,,
Cazame,2LtTHIXTaFwvY9oLOThElU,61,Maria Becerra,Tiago PZK,,,,,1DxLCyH42yaHKGK3cl5bvG,5Y3MV9DZ0d87NnVm56qSY1,,,,
Que Mas Pues?,6hf0RpxTbOprT5nnwzkk8e,75,J Balvin,Maria Becerra,,,,,1vyhD5VmyZ7KMfW5gqLgo5,1DxLCyH42yaHKGK3cl5bvG,,,,
Sobrio,4HzqWEdAbzcVFDv0pvxV4w,82,Maluma,,,,,,1r4hJ1h58CWwUQe3MxPuau,,,,,
KESI - Remix,0IqCoZ168iRc9LqfrYgpZy,75,Camilo,Shawn Mendes,,,,,28gNT5KBp7IjEOQoevXf9N,7n2wHs1TKAczGzO7Dd2rGr,,,,
Only One (feat. Di Genius),65Xycqq3KSaLmEIbWszegR,45,KHEA,Julia Michaels,Becky G,Di Genius,,,4m6ubhNsdwF4psNf3R8kwR,0ZED1XzwlLHW4ZaG4lOT6m,4obzFoKoKRHIphyHzJ35G3,08erObvNX7rs7d4pbuaRCQ,,
Tu,3XtsyVQ4sj7mi7iNpU3arZ,39,Pitizion,,,,,,0GWdY55YF6xzN5L1A0X8nq,,,,,
KESI,42lpuSQmnLUM1ZXJVzIVOi,70,Camilo,,,,,,28gNT5KBp7IjEOQoevXf9N,,,,,
BEBE,3Zf4GutWZ7Hv3wsVQsSQPs,72,Camilo,El Alfa,,,,,28gNT5KBp7IjEOQoevXf9N,2oQX8QiMXOyuqbcZEFsZfm,,,,
CONTIGO VOY A MUERTE,615XWyY2RPfk3iuYcU6qvi,74,KAROL G,Camilo,,,,,790FomKkXshlbRYZFtlgla,28gNT5KBp7IjEOQoevXf9N,,,,
"Taki Taki (with Selena Gomez, Ozuna & Cardi B)",4w8niZpiMy6qz1mntFA5uM,80,DJ Snake,Selena Gomez,Ozuna,Cardi B,,,540vIaP2JwjQb9dm3aArA4,0C8ZW7ezQVs4URX5aX7Kqx,1i8SpTcr7yvPOmcqrbnVXY,4kYSro6naA4h99UJvo89HB,,
BEAUTIFUL BOY,50dG65XY5SNFkpFl2xA5Dn,52,KAROL G,Ludacris,Emilee,,,,790FomKkXshlbRYZFtlgla,3ipn9JLAPI5GUEo4y4jcoi,4ArPQ1Opcksbbf3CPwEjWE,,,
High (Remix),2HpbDdD3JLpAPMJFYCeC6o,65,Maria Becerra,TINI,Lola Indigo,,,,1DxLCyH42yaHKGK3cl5bvG,7vXDAI8JwjW531ouMGbfcp,3bvfu2KAve4lPHrhEFDZna,,,
Tu Me Lo Haces Facil,4uHDcZYy7kQxNY0IzxDy7w,59,Maria Becerra,,,,,,1DxLCyH42yaHKGK3cl5bvG,,,,,
Subtitulos,2O2J6GrQzv3mkXuMfFEPMY,57,Lasso,Danna Paola,,,,,3SCOuAxngTC1yGjKMcIPEd,5xSx2FM8mQnrfgM1QsHniB,,,,
Run (with Mariah Angeliq) - Latin Version,0RpCZ17BXI0x8b14UFrgDQ,44,OneRepublic,Mariah Angeliq,,,,,5Pwc4xIPtQLFEnJriah9YJ,0KKUc4amZyvswV2YL6WTar,,,,
+ (MAS),1MXzojJav1N4cREWTFm1iZ,64,Aitana,Cali Y El Dandee,,,,,7eLcDZDYHXZCebtQmVFL25,5DUlefCLzVRzNWaNURTFpK,,,,
Aunque No Sea Conmigo,6GfqNqXkAofNOakU77MWEb,63,Aitana,Evaluna Montaner,,,,,7eLcDZDYHXZCebtQmVFL25,52qzWdNUp6ebjcNsvgZSiC,,,,
Contigo,58C6a2rC140eh9fkXIKgqS,34,Diana Ela,Abraham Mateo,Leslie Shaw,Katalina,,,6N1G7ER0svQJ0OoUjkX4Cr,2bxxlINUlcMQQb39K7IopR,3bAPo06XsUX6fo8iHYUqH7,5A0VKjif7Iv5v8ZvmyQajc,,
La Nin1a de la Escuela,1g4cZvi0nLeeIycd0Rkljj,71,Lola Indigo,TINI,Belinda,,,,3bvfu2KAve4lPHrhEFDZna,7vXDAI8JwjW531ouMGbfcp,5LeiVcEnsZcwc133TUhJNW,,,
Mi Debilidad,70LLyzO7jT6DsQvCwwHDch,65,Maria Becerra,,,,,,1DxLCyH42yaHKGK3cl5bvG,,,,,
Dime Donde,4cvNRoECGS2sUiw5Q5RRsb,54,Cazzu,Justin Quiles,,,,,6w3SkAHYPsQ1bxV7VDlG5y,14zUHaJZo1mnYtn6IBRaRP,,,,
TODO O NADA,59rjsHYxdxeUG6gd43Emzs,66,Lunay,Anitta,,,,,47MpMsUfWtgyIIBEFOr4FE,7FNnA9vBm6EKceENgCGRMb,,,,
Loco,6PDlkWmrq2ZKiUuFt2aQsH,73,Justin Quiles,Chimbala,Zion & Lennox,,,,14zUHaJZo1mnYtn6IBRaRP,4VVEpEhC8NcR7AqNEds42U,21451j1KhjAiaYKflxBjr1,,,
Mal Acostumbrao - con Maria Becerra,1wcE84DVQUF16xudVFzezL,68,Mau y Ricky,Maria Becerra,,,,,2wkoKEfS6dXwThbyTnZWFU,1DxLCyH42yaHKGK3cl5bvG,,,,
Paris,4bF2y8rR7GUjrd5LNEvej3,71,Ingratax,,,,,,62YF0FglEltB3CnVIjoko8,,,,,
Indigo,4knc1Fp3kbuq8bH2byOvLu,72,Camilo,Evaluna Montaner,,,,,28gNT5KBp7IjEOQoevXf9N,52qzWdNUp6ebjcNsvgZSiC,,,,
Antes de Ti,23R68uWGdp07SwQdK8mWzI,68,Rusherking,Maria Becerra,,,,,3Apb2lGmGJaBmr0TTBJvIZ,1DxLCyH42yaHKGK3cl5bvG,,,,
Tacones Rojos,0Be7sopyKMv8Y8npsUkax2,79,Sebastian Yatra,,,,,,07YUOmWljBTXwIseAUd9TW,,,,,
Del Mar,5cpJFiNwYyWwFLH0V6B3N8,74,Ozuna,Doja Cat,Sia,,,,1i8SpTcr7yvPOmcqrbnVXY,5cj0lLjcoR7YOSnhnX0Po5,5WUlDfRSoLAfcVSX1WnrxN,,,
Bonita,0gcOnIUKIG6JF56iFUfE0p,60,Juanes,Sebastian Yatra,,,,,0UWZUmn7sybxMCqrw9tGa7,07YUOmWljBTXwIseAUd9TW,,,,
Minifalda,4cccqGxzMZXzBrdNUKjnIl,61,Greeicy,Juanes,,,,,5dbaLmK5SHLLg8Z4CcTJpX,0UWZUmn7sybxMCqrw9tGa7,,,,
Miedito o Que? (feat. KAROL G),7MoZgM6AsQaZw14WnKopuy,71,Ovy On The Drums,Danny Ocean,KAROL G,,,,3m5qlPf2OkihLz3dRYnkPA,5H1nN1SzW0qNeUEZvuXjAj,790FomKkXshlbRYZFtlgla,,,
Alguien Mas,0xfmcMetmQwClfYRarKtyY,56,Jesse & Joy,,,,,,1mX1TWKpNxDSAH16LgDfiR,,,,,
999 (with Camilo),0EtuSDTRJYUwlPf4y6coIz,64,Selena Gomez,Camilo,,,,,0C8ZW7ezQVs4URX5aX7Kqx,28gNT5KBp7IjEOQoevXf9N,,,,
Don't Be Shy,0bI7K9Becu2dtXK1Q3cZNB,81,Tiesto,KAROL G,,,,,2o5jDhtHVPhrJdv3cEQ99Z,790FomKkXshlbRYZFtlgla,,,,
PENDEJO,5cy2dREJqJAyf3CNr509W7,60,Enrique Iglesias,,,,,,7qG3b048QCHVRO5Pv1T5lw,,,,,
La Mejor Version de Mi - Remix,2dy3TKVDEbIeWxeIb8JWqZ,75,NATTI NATASHA,Romeo Santos,,,,,1GDbiv3spRmZ1XdM1jQbT7,5lwmRuXgjX8xIwlnauTZIP,,,,
"Ay, DiOs Mio!",1beTDCe7sT7fzm8WIKXicz,69,KAROL G,,,,,,790FomKkXshlbRYZFtlgla,,,,,
Machu Picchu,6RV9pRLIQiXm3qTGeyQluf,66,Camilo,Evaluna Montaner,,,,,28gNT5KBp7IjEOQoevXf9N,52qzWdNUp6ebjcNsvgZSiC,,,,
2:50 Remix,74znaWw1hmQBusGPSOuTFy,67,MYA,TINI,Duki,,,,5Rj6rNR8zIlUUDCs1OyPmW,7vXDAI8JwjW531ouMGbfcp,1bAftSH8umNcGZ0uyV7LMg,,,
Tan Enamorados,1yc7ERfIzFxPP1E0OFRvp0,67,CNCO,,,,,,0eecdvMrqBftK0M1VKhaF4,,,,,
Don't Go Yet,1058fW9H3fZA6QjYCdOBad,75,Camila Cabello,,,,,,4nDoRrQiYLoBzwC5BhVJzF,,,,,
EL BARCO,0MT6qJd7wKlWjH7tP7oWHi,77,KAROL G,,,,,,790FomKkXshlbRYZFtlgla,,,,,
Bar,0lJE8f0lx8mUSfMyxeYpiC,70,TINI,L-Gante,,,,,7vXDAI8JwjW531ouMGbfcp,4YYxffPVDFe9XoqqbRW6Bq,,,,
De Enero a Diciembre,1p22yVi9e8DT6BEUvOZ0TL,62,Emilia,Rusherking,,,,,0AqlFI0tz2DsEoJlKSIiT9,3Apb2lGmGJaBmr0TTBJvIZ,,,,
Entre Nosotros (Remix) [con Nicki Nicole],4TGwERXRlyQtBdggYTHo6j,77,Tiago PZK,LIT killah,Maria Becerra,Nicki Nicole,,,5Y3MV9DZ0d87NnVm56qSY1,1vqR17Iv8VFdzure1TAXEq,1DxLCyH42yaHKGK3cl5bvG,2UZIAOlrnyZmyzt1nuXr9y,,
UN DIA (ONE DAY) (Feat. Tainy),0EhpEsp4L0oRGM0vmeaN5e,75,J Balvin,Dua Lipa,Bad Bunny,Tainy,,,1vyhD5VmyZ7KMfW5gqLgo5,6M2wZ9GZgrQXHCFfjv46we,4q3ewBCX7sLwd24euuV69X,0GM7qgcRCORpGnfcN2tCiB,,
Tranquila,5NMPnWUDvXr8Vnauv7I7YZ,62,FMK,Maria Becerra,,,,,0dUyjgCyjfj5eMx6bX2TWf,1DxLCyH42yaHKGK3cl5bvG,,,,
Buenos Dias,2MxHuZWC99rsELX9SrCW7K,67,Wisin,Camilo,Los Legendarios,,,,3E6xrwgnVfYCrCs0ePERDz,28gNT5KBp7IjEOQoevXf9N,0n6sKrG0xKAf8xmdqeNGke,,,
Mon Amour - Remix,5TMLavqGRKNxgzMBrVpC9R,82,zzoilo,Aitana,,,,,7c53ZFyajVMTo08HmvoB6b,7eLcDZDYHXZCebtQmVFL25,,,,
Tiroteo - Remix,4OwhwvKESFtuu06dTgct7i,83,Marc Segui,Rauw Alejandro,Pol Granch,,,,5FQ8tBUtIamA2hRtatrYUF,1mcTU81TzQhprhouKaTkpq,1aMt4A5jrQHxDYyC7rXgV0,,,
Tan Bonita,6mm3K0yWp6uzfOMuipM9Zh,72,Piso 21,,,,,,4bw2Am3p9ji3mYsXNXtQcd,,,,,
3 de La Man1ana - con Sebastian Yatra & Mora,1PkE8LrFiHRqMq4Ik3w1pk,58,Mau y Ricky,Sebastian Yatra,Mora,,,,2wkoKEfS6dXwThbyTnZWFU,07YUOmWljBTXwIseAUd9TW,0Q8NcsJwoCbZOHHW63su5S,,,
Formentera,3nfICwo20uiFdEGzgNUSrG,76,Aitana,Nicki Nicole,,,,,7eLcDZDYHXZCebtQmVFL25,2UZIAOlrnyZmyzt1nuXr9y,,,,
Sabe,0lQk4UhEVDnOH5vYH0vgHM,62,Nicki Nicole,Rauw Alejandro,,,,,2UZIAOlrnyZmyzt1nuXr9y,1mcTU81TzQhprhouKaTkpq,,,,
Mal de Amores,5aCWQczUqiGCw3cvNp5OV0,60,Sofia Reyes,Becky G,,,,,0haZhu4fFKt0Ag94kZDiz2,4obzFoKoKRHIphyHzJ35G3,,,,
Los Tragos,7iXJg4IUyrWont5YSQrbKP,76,Reik,Maria Becerra,,,,,0vR2qb8m9WHeZ5ByCbimq2,1DxLCyH42yaHKGK3cl5bvG,,,,
Paz y Tranquilidad,306g01QufSCV7sy0lpYd0B,47,Caracol Television,Juan C. Triana,,,,,6Rk6tAhO16QKZZtYFrHMbm,41dH1Ns4FMGpjoruoPbjTQ,,,,
Otra Noche,5i82o3878xCPNCUK8VIeqX,52,Los Angeles Azules,Nicki Nicole,,,,,0ZCO8oVkMj897cKgFH7fRW,2UZIAOlrnyZmyzt1nuXr9y,,,,
Tanto,0ZqhB08GsFc4xfV07AsXzE,71,Jesse & Joy,Luis Fonsi,,,,,1mX1TWKpNxDSAH16LgDfiR,4V8Sr092TqfHkfAA5fXXqG,,,,
Otra Noche en L.A.,1LH8gbxJsh9PmHozgPdWGu,62,Ricky Martin,,,,,,7slfeZO9LsJbWgpkIoXBUJ,,,,,
Cositas de la USA,5c4KBG3ATUOmP8y2KHGGoI,59,Maluma,,,,,,1r4hJ1h58CWwUQe3MxPuau,,,,,
After Party,5px2CcFnmRJecJMNPYz4Io,64,Alex Sensation,Farruko,Prince Royce,Mariah Angeliq,Kevin Lyttle,,0OROVBEZCocg0FcgJpyBse,329e4yvIujISKGKz1BZZbO,3MHaV05u0io8fQbZ2XPtlC,0KKUc4amZyvswV2YL6WTar,1GaBsp1ICIp1e6udgE7fba,
Nostalgico,2BEcap3xJtmiPaHKyfQi4e,81,Rvssian,Rauw Alejandro,Chris Brown,,,,1fctva4kpRbg2k3v7kwRuS,1mcTU81TzQhprhouKaTkpq,7bXgB6jMjp9ATFy66eO08Z,,,
Marte,1uK5rDY3BnikyG0sl3tPpc,76,Sofia Reyes,Maria Becerra,,,,,0haZhu4fFKt0Ag94kZDiz2,1DxLCyH42yaHKGK3cl5bvG,,,,
MAMIII,1ri9ZUkBJVFUdgwzCnfcYs,82,Becky G,KAROL G,,,,,4obzFoKoKRHIphyHzJ35G3,790FomKkXshlbRYZFtlgla,,,,
Maldita Foto,4WkEH0PgystZUaN6QU6Z0B,66,TINI,Manuel Turizo,,,,,7vXDAI8JwjW531ouMGbfcp,0tmwSHipWxN12fsoLcFU3B,,,,
Dos Oruguitas,5rohUzwEoRsUvAA1Bf3DLo,71,Sebastian Yatra,,,,,,07YUOmWljBTXwIseAUd9TW,,,,,
Te Quiero,71WrR2qgwisH0tJZnI5xiQ,59,Maluma,,,,,,1r4hJ1h58CWwUQe3MxPuau,,,,,
Felices x Siempre,42Gzfqnfpk7Pp1ydM60eNn,66,Maria Becerra,,,,,,1DxLCyH42yaHKGK3cl5bvG,,,,,
Tiburones - Remix,73HSOVmGMA0Qfo4ujlM1GF,52,Ricky Martin,Farruko,,,,,7slfeZO9LsJbWgpkIoXBUJ,329e4yvIujISKGKz1BZZbO,,,,
Ella,6NFlEQvg4h41e08fj70zxd,49,Pitizion,,,,,,0GWdY55YF6xzN5L1A0X8nq,,,,,
ANTES QUE SALGA EL SOL,1vucS7X4otbyQSZ9RXYXFI,54,NATTI NATASHA,Prince Royce,,,,,1GDbiv3spRmZ1XdM1jQbT7,3MHaV05u0io8fQbZ2XPtlC,,,,
Bachatica,4DZYmpPrr6agOFB1qQSJ8I,53,Leslie Grace,,,,,,6BeO1KuAWBqFriL1mLHtNc,,,,,
Esto Recien Empieza,0ZLkb9lDDlTPwYZPvuGnHB,61,Duki,Emilia,,,,,1bAftSH8umNcGZ0uyV7LMg,0AqlFI0tz2DsEoJlKSIiT9,,,,
Suelta,6b8ssfeNotmNKa9AzS734T,53,Dimelo Flow,Rauw Alejandro,Maria Becerra,Farruko,Mr. Vegas,Fatman Scoop,3fZk3Gm5dN5v5yfYMQ04Bx,1mcTU81TzQhprhouKaTkpq,1DxLCyH42yaHKGK3cl5bvG,329e4yvIujISKGKz1BZZbO,1pmixngtBJleMrGUG5o8DE,15GGbJKqC6w0VYyAJtjej6
Ella No Es Tuya - Remix,5YYW3yRktprLRr47WK219Y,72,Rochy RD,Myke Towers,Nicki Nicole,,,,4riOEaOW5hCeqomFDBk0aP,7iK8PXO48WeuP03g8YR51W,2UZIAOlrnyZmyzt1nuXr9y,,,
Colocao,3hGtjSJQ76HkWzeUkekKGY,59,Nicki Nicole,,,,,,2UZIAOlrnyZmyzt1nuXr9y,,,,,
Verte,0PgZvzLzdbwJC0a0UZvZle,62,Nicki Nicole,Dread Mar I,Bizarrap,,,,2UZIAOlrnyZmyzt1nuXr9y,1aw0Cdl1DIrtUrUA6fGbAR,716NhGYqD1jl2wI1Qkgq36,,,
Dangerous,1B7Wxx58QV4xrCjxI4Uu3i,62,Nicki Nicole,Trueno,Bizarrap,,,,2UZIAOlrnyZmyzt1nuXr9y,2x7PC78TmgqpEIjaGAZ0Oz,716NhGYqD1jl2wI1Qkgq36,,,
Tengo To,07Y65et1sMhIcVP4MA7p0R,54,Nicki Nicole,Ptazeta,Snow Tha Product,,,,2UZIAOlrnyZmyzt1nuXr9y,5UN0rzL594mWY2RbOtZqIN,3p3jPcp8b7WL9XYj4xlsWj,,,
Pa' Olvidarme De Ella,3lR4O0vtkhCAvVEUEWUL0S,74,Piso 21,Christian Nodal,,,,,4bw2Am3p9ji3mYsXNXtQcd,0XwVARXT135rw8lyw1EeWP,,,,
Dejala Que Vuelva (feat. Manuel Turizo),1j6xOGusnyXq3l6IryKF3G,79,Piso 21,Manuel Turizo,,,,,4bw2Am3p9ji3mYsXNXtQcd,0tmwSHipWxN12fsoLcFU3B,,,,
Baloncito Viejo,1PGoOrdBQyahALB6Vu7HMN,64,Carlos Vives,Camilo,,,,,4vhNDa5ycK0ST968ek7kRr,28gNT5KBp7IjEOQoevXf9N,,,,
Besos en Cualquier Horario,31nEAXAPZTr21xzxCxF38a,58,Carlos Vives,Mau y Ricky,Lucy Vives,,,,4vhNDa5ycK0ST968ek7kRr,2wkoKEfS6dXwThbyTnZWFU,38J4nu5eGAEtwWH9fSWEj4,,,
Perro Es Perro,3fYStiduJeyLoraptOBWLD,34,Pitizion,,,,,,0GWdY55YF6xzN5L1A0X8nq,,,,,
Que Vamos Hacer?,3Lnfbc1ZlIzIU5KmAeQNj4,49,Lenny Tavarez,Anitta,,,,,1pQWsZQehhS4wavwh7Fnxd,7FNnA9vBm6EKceENgCGRMb,,,,
"Residente: Bzrp Music Sessions, Vol. 49",2dG9k8jtnkjzJjUToz9i9i,69,Bizarrap,Residente,,,,,716NhGYqD1jl2wI1Qkgq36,5GcWBUX00IPuWVGMIRK1sS,,,,
Medallo,6lX6l7OuA3qrnIRfdsr0dw,78,Blessd,Justin Quiles,Lenny Tavarez,,,,1TA5sGRlKUJXBN4ZyJuDIX,14zUHaJZo1mnYtn6IBRaRP,1pQWsZQehhS4wavwh7Fnxd,,,
CHIMBITA,5xwjEzvJ2OSdnHlzusKNYA,65,Feid,Sky Rompiendo,,,,,2LRoIwlKmHjgvigdNGBHNo,51XrH5fQP2oIQynuKxSWcW,,,,
Oh Na Na,03NqHNdG3Ur6kciQWK6e8V,63,Camila Cabello,Myke Towers,Tainy,,,,4nDoRrQiYLoBzwC5BhVJzF,7iK8PXO48WeuP03g8YR51W,0GM7qgcRCORpGnfcN2tCiB,,,
WOW BB,4fQAjk5sPe6ay04m5slBlU,64,NATTI NATASHA,El Alfa,Chimbala,,,,1GDbiv3spRmZ1XdM1jQbT7,2oQX8QiMXOyuqbcZEFsZfm,4VVEpEhC8NcR7AqNEds42U,,,
Wapo Traketero,5ctNuquTVDsfMb9jKzsYu0,63,Nicki Nicole,,,,,,2UZIAOlrnyZmyzt1nuXr9y,,,,,
828,5FYUCl30XA4avs2aBKhKaL,47,Aleesha,Emilia,,,,,18qC8mrcJ9ZjChRDPvpadi,0AqlFI0tz2DsEoJlKSIiT9,,,,
Envolver,3IAfUEeaXRX9s9UdKOJrFI,78,Anitta,,,,,,7FNnA9vBm6EKceENgCGRMb,,,,,
Sigue,0bBd6K5X4W7t9GyXcaVOA7,68,J Balvin,Ed Sheeran,,,,,1vyhD5VmyZ7KMfW5gqLgo5,6eUKZXaKkcviH0Ku9w2n3V,,,,
Fantasi,63GTuNSVLynH3n3PdqObgd,67,TINI,Beele,,,,,7vXDAI8JwjW531ouMGbfcp,7a0XAaPaK2aDSqa8p3QnC7,,,,
Forever My Love,6TYuTMfBTU4hpXrhLsjIiV,61,J Balvin,Ed Sheeran,,,,,1vyhD5VmyZ7KMfW5gqLgo5,6eUKZXaKkcviH0Ku9w2n3V,,,,
Nadie La Controla,4IOJ3ar9OZQReV1F34ks9R,46,Piso 21,,,,,,4bw2Am3p9ji3mYsXNXtQcd,,,,,
Pegao,7Dk8r4VR5NoveUvTiCKEXC,70,Camilo,,,,,,28gNT5KBp7IjEOQoevXf9N,,,,,
Arrepentio,3vrwBbEWUh43drfQSXcVmZ,40,Aleesha,Nicki Nicole,TAICHU,Juicy BAE,,,18qC8mrcJ9ZjChRDPvpadi,2UZIAOlrnyZmyzt1nuXr9y,3ou3XMRNmyDSy6gnC1bSgN,46K14JAfAHpxTSkb6KkFfN,,
Malefica,3i5cUvzBImLJTLh0koudVl,59,Cazzu,Maria Becerra,,,,,6w3SkAHYPsQ1bxV7VDlG5y,1DxLCyH42yaHKGK3cl5bvG,,,,
intoxicao,2Znff2J1fAgQhXXEMW7y5V,67,Emilia,Nicki Nicole,,,,,0AqlFI0tz2DsEoJlKSIiT9,2UZIAOlrnyZmyzt1nuXr9y,,,,
Mejor Sola,5bpklP2B9Nlj5BO90RuCyA,64,Kim Loaiza,Zion & Lennox,,,,,1QivQCLVipV61DiQiyV14A,21451j1KhjAiaYKflxBjr1,,,,
Ella - Remix,7iHHlCbsFou5DZSW5HCPfs,68,Boza,Lunay,Lenny Tavarez,Juhn,Beele,,2NfSBtmWe7oPw1EmetJVso,47MpMsUfWtgyIIBEFOr4FE,1pQWsZQehhS4wavwh7Fnxd,2LmcxBak1alK1bf7d1beTr,7a0XAaPaK2aDSqa8p3QnC7,
La Triple T,7kYbxvrGXv8cmKjkqgqhrw,75,TINI,,,,,,7vXDAI8JwjW531ouMGbfcp,,,,,
Bam Bam (feat. Ed Sheeran),0QBzMgT7NIeoCYy3sJCof1,82,Camila Cabello,Ed Sheeran,,,,,4nDoRrQiYLoBzwC5BhVJzF,6eUKZXaKkcviH0Ku9w2n3V,,,,
BAILE CON MI EX,0Yc0ziTsyjahYqlWXVXlTU,66,Becky G,,,,,,4obzFoKoKRHIphyHzJ35G3,,,,,
Pepas,5fwSHlTEWpluwOM0Sxnh5k,86,Farruko,,,,,,329e4yvIujISKGKz1BZZbO,,,,,
No Toque Mi Naik,0TBbNYzmtCfN5cpZSCVNIz,56,Nicki Nicole,Lunay,,,,,2UZIAOlrnyZmyzt1nuXr9y,47MpMsUfWtgyIIBEFOr4FE,,,,
Lao' a Lao' - Bachata 2.0,261HczVJC0Kd4KUWdTqLAu,42,Prince Royce,,,,,,3MHaV05u0io8fQbZ2XPtlC,,,,,
Lao' a Lao',7FERDnffKGQKul3P32Sm37,62,Prince Royce,,,,,,3MHaV05u0io8fQbZ2XPtlC,,,,,
La Bachata,5ww2BF9slyYgNOk37BlC4u,90,Manuel Turizo,,,,,,0tmwSHipWxN12fsoLcFU3B,,,,,
PROVENZA,7dSZ6zGTQx66c2GF91xCrb,84,KAROL G,,,,,,790FomKkXshlbRYZFtlgla,,,,,
Deja vu,5clmffOxeckeJ2e3GMy6UZ,58,Prince Royce,Shakira,,,,,3MHaV05u0io8fQbZ2XPtlC,0EmeFodog0BfCgMzAIvKQp,,,,
Hecha Pa' Mi,3VvA1wSxukMLsvXoXtlwWx,77,Boza,,,,,,2NfSBtmWe7oPw1EmetJVso,,,,,
Barranquilla Bajo Cero,02mhtclidb7Jpf1gwEasJh,65,Beele,Myke Towers,Feid,,,,7a0XAaPaK2aDSqa8p3QnC7,7iK8PXO48WeuP03g8YR51W,2LRoIwlKmHjgvigdNGBHNo,,,
La Loto,3AbNNvo2OmyeDMvRBgf9vk,71,TINI,Becky G,Anitta,,,,7vXDAI8JwjW531ouMGbfcp,4obzFoKoKRHIphyHzJ35G3,7FNnA9vBm6EKceENgCGRMb,,,
Te Felicito,2rurDawMfoKP4uHyb2kJBt,86,Shakira,Rauw Alejandro,,,,,0EmeFodog0BfCgMzAIvKQp,1mcTU81TzQhprhouKaTkpq,,,,
Sigo Buscandote,4z2c6wyTY9xgiPYUvznwUE,57,Ovy On The Drums,Mau y Ricky,,,,,3m5qlPf2OkihLz3dRYnkPA,2wkoKEfS6dXwThbyTnZWFU,,,,
Q'Hubo Bebe,2TPWn36SvcFXT2lEfEvm0p,52,Ryan Castro,,,,,,7j6DKwmjbxvpQO8h914uEz,,,,,
Titi Me Pregunto,1IHWl5LamUGEuP4ozKQSXZ,91,Bad Bunny,,,,,,4q3ewBCX7sLwd24euuV69X,,,,,
Mojando Asientos (feat. Feid),0LKu09Iq053CEUZ5ktQEWc,76,Maluma,Feid,,,,,1r4hJ1h58CWwUQe3MxPuau,2LRoIwlKmHjgvigdNGBHNo,,,,
cuatro veinte,1TpZKxGnHp37ohJRszTSiq,65,Emilia,,,,,,0AqlFI0tz2DsEoJlKSIiT9,,,,,
Alma - Remix,3VtWRav1cbfRehD1AYdpZZ,42,Caracol Television,Guita,Alejandro Valencia,Mariana Gomez,Kin1o,Kevin Bury,6Rk6tAhO16QKZZtYFrHMbm,0LEqiMyg7tH6JV2afcxyVd,3oQvC1twYXSwuCoQtCN3ca,3KM7Awm5GI3R4cKb0U5thK,4mSxhskrhEcz1mZNVf1GWa,719A9QNZmkVRQ9SPMpcD89
Quieres,4iGnpp1h0i33lpoP42Y8Jt,72,Aitana,Emilia,Ptazeta,,,,7eLcDZDYHXZCebtQmVFL25,0AqlFI0tz2DsEoJlKSIiT9,5UN0rzL594mWY2RbOtZqIN,,,
Berlin,2IzV2SPZQLadtA46ni3ICq,72,Zion & Lennox,Maria Becerra,,,,,21451j1KhjAiaYKflxBjr1,1DxLCyH42yaHKGK3cl5bvG,,,,
DESPECHA,5ildQOEKmJuWGl2vRkFdYc,84,ROSALIA,,,,,,7ltDVBr6mKbRvohxheJ9h1,,,,,
El Que Espera,2oNSHvGBGZIrZouRAA1eaX,64,Anitta,Maluma,,,,,7FNnA9vBm6EKceENgCGRMb,1r4hJ1h58CWwUQe3MxPuau,,,,
XT4S1S,7dMTCS9BLzBqYTlAuHP8TM,76,Danna Paola,,,,,,5xSx2FM8mQnrfgM1QsHniB,,,,,
Bellaquita - Remix,1Xnn1TPyr5h0hpRAT4B4EA,68,Dalex,Lenny Tavarez,Anitta,NATTI NATASHA,Farruko,Justin Quiles,0KPX4Ucy9dk82uj4GpKesn,1pQWsZQehhS4wavwh7Fnxd,7FNnA9vBm6EKceENgCGRMb,1GDbiv3spRmZ1XdM1jQbT7,329e4yvIujISKGKz1BZZbO,14zUHaJZo1mnYtn6IBRaRP
como dormiste?,3fjN3y5x4hN53rykAN2LHQ,85,Rels B,,,,,,2IMZYfNi21MGqxopj9fWx8,,,,,
DISCOTEKA,4NkJeL16uUJJJFuZPvR1DC,68,Lola Indigo,Maria Becerra,,,,,3bvfu2KAve4lPHrhEFDZna,1DxLCyH42yaHKGK3cl5bvG,,,,
Vacaciones,467430y6SLd7RXLzBWivQv,59,Luis Fonsi,Manuel Turizo,,,,,4V8Sr092TqfHkfAA5fXXqG,0tmwSHipWxN12fsoLcFU3B,,,,
TV,6NIqCQW067X2AEHlz19TEc,61,Sebastian Yatra,,,,,,07YUOmWljBTXwIseAUd9TW,,,,,
La Chain,5lkgHMBFyhk6P3jinwsYo0,65,Emilia,,,,,,0AqlFI0tz2DsEoJlKSIiT9,,,,,
Nobody Like Yo,5ETecrJ4HK8qglSLq382hG,61,Nicki Nicole,,,,,,2UZIAOlrnyZmyzt1nuXr9y,,,,,
Ambulancia,5OPte07J5hRK1pTn0f7ldr,72,Camilo,Camila Cabello,,,,,28gNT5KBp7IjEOQoevXf9N,4nDoRrQiYLoBzwC5BhVJzF,,,,
AUTOMATICO,3Ne5uYDFzHEFYAPbaBMIck,73,Maria Becerra,,,,,,1DxLCyH42yaHKGK3cl5bvG,,,,,
el jardinero,4YlkjZVjQjtjFaTTxiADLw,44,Gus,,,,,,3tQrRoZiGXR5uMkaCYf8S4,,,,,
Contigo,55CJCECkPMd9ZhGr4JOKn7,66,Sebastian Yatra,Pablo Alboran,,,,,07YUOmWljBTXwIseAUd9TW,5M9Bb4adKAgrOFOhc05Y50,,,,
El Ultimo Beso,1gYtMKmICjH8KQG3MheNJt,67,TINI,Tiago PZK,,,,,7vXDAI8JwjW531ouMGbfcp,5Y3MV9DZ0d87NnVm56qSY1,,,,
Junio,4XqXNU8MwPHwbgZmNXmAdc,77,Maluma,,,,,,1r4hJ1h58CWwUQe3MxPuau,,,,,
Tacones Rojos - With John Legend,7pCcX8GklrbASun9rWFh4W,60,Sebastian Yatra,John Legend,,,,,07YUOmWljBTXwIseAUd9TW,5y2Xq6xcjJb2jVM54GHK3t,,,,
Sin Novia,4IsO1J5LSrVwkQOIEdZ417,63,Nicky Jam,,,,,,1SupJlEpv7RS2tPNRaHViT,,,,,
Mayor Que Usted,7d7aPD2oxuzjhOZnu4Dj23,73,NATTI NATASHA,Daddy Yankee,Wisin & Yandel,,,,1GDbiv3spRmZ1XdM1jQbT7,4VMYDCV2IEDYJArk749S6m,1wZtkThiXbVNtj6hee6dz9,,,
No Se Va,4khWEpnaijN0G1x019Uzdr,84,Morat,,,,,,5C4PDR4LnhZTbVnKWXuDKD,,,,,
Monotonia,6G12ZafqofSq7YtrMqUm76,87,Shakira,Ozuna,,,,,0EmeFodog0BfCgMzAIvKQp,1i8SpTcr7yvPOmcqrbnVXY,,,,
Hey Mor,6Rpbzk2LC8xWZI93RyodAq,84,Ozuna,Feid,,,,,1i8SpTcr7yvPOmcqrbnVXY,2LRoIwlKmHjgvigdNGBHNo,,,,
Extasis,2X8AGLwb9F0JzJ9zT27a22,71,Manuel Turizo,Maria Becerra,,,,,0tmwSHipWxN12fsoLcFU3B,1DxLCyH42yaHKGK3cl5bvG,,,,
No Se Va - En Vivo,5JhUm1v5AbI5Yu6jLKCPRO,27,Grupo Frontera,,,,,,6XkjpgcEsYab502Vr1bBeW,,,,,
Bellaquera,3Xt1eKTOpO8oJjzIoPEvHh,47,Kevin Bury,,,,,,719A9QNZmkVRQ9SPMpcD89,,,,,
Aeropuerto,4v7riPZWyAclrOfUSwD0zp,70,Camilo,,,,,,28gNT5KBp7IjEOQoevXf9N,,,,,
Te Olvido,1ycIhjQ4fQp2WqNFpSDEcX,65,Manuel Turizo,,,,,,0tmwSHipWxN12fsoLcFU3B,,,,,
Hasta Los Dientes,2U0jWXrxJUzWVlLsHttAXJ,65,Camila Cabello,Maria Becerra,,,,,4nDoRrQiYLoBzwC5BhVJzF,1DxLCyH42yaHKGK3cl5bvG,,,,
CAIRO,6WbAhuwE6fCOriBu5786X1,80,KAROL G,Ovy On The Drums,,,,,790FomKkXshlbRYZFtlgla,3m5qlPf2OkihLz3dRYnkPA,,,,
Amigos (con Maria Becerra),34tHZJLk0adg5tW49iybbE,73,Pablo Alboran,Maria Becerra,,,,,5M9Bb4adKAgrOFOhc05Y50,1DxLCyH42yaHKGK3cl5bvG,,,,
Ojala,4dLIAE3xbJLoiIBbKkZWJk,70,The Rudeboyz,Maluma,Adam Levine,,,,7ciBW1p3KBsYIkFk4UmwS8,1r4hJ1h58CWwUQe3MxPuau,4bYPcJP5jwMhSivRcqie2n,,,
PERREO FURIOSO,4nP0hfzeb5OQYImMkKfTed,64,Maria Becerra,,,,,,1DxLCyH42yaHKGK3cl5bvG,,,,,
AUTOMATICO,0poQY3RMThmIiutOGv3yH3,74,Maria Becerra,,,,,,1DxLCyH42yaHKGK3cl5bvG,,,,,
CUANDO HACEMOS EL AMOR,3l0sygctfWjxXitgE3WciJ,69,Maria Becerra,,,,,,1DxLCyH42yaHKGK3cl5bvG,,,,,
OJALA,5RlibNUdsaN2oPX9MWl52K,71,Maria Becerra,,,,,,1DxLCyH42yaHKGK3cl5bvG,,,,,
ADI0S,2bNCiY24Eh4saMcc23bvUN,85,Maria Becerra,,,,,,1DxLCyH42yaHKGK3cl5bvG,,,,,
HASTA QUE LA MUERTE NOS SEPARE,3XeiA9ikmZkcH7Qro42DY7,59,Maria Becerra,,,,,,1DxLCyH42yaHKGK3cl5bvG,,,,,
DOBLE VIDA,0Dhks7VwA1F7baYPVEeo4S,67,Maria Becerra,,,,,,1DxLCyH42yaHKGK3cl5bvG,,,,,
INSPIRADORA,5wrcN46oDwexmt9ZgpR1yA,56,Maria Becerra,,,,,,1DxLCyH42yaHKGK3cl5bvG,,,,,
PIDELO,4evX4mo8KG2bJ3p6iJNfyK,56,Maria Becerra,,,,,,1DxLCyH42yaHKGK3cl5bvG,,,,,
MANDAMIENTOS,7Bw6InNOw1d7HOukxpppTp,59,Maria Becerra,,,,,,1DxLCyH42yaHKGK3cl5bvG,,,,,
NUNCA PASARA,7uaaAiwOEwhPKpq7R5wUbS,59,Maria Becerra,,,,,,1DxLCyH42yaHKGK3cl5bvG,,,,,
LA NENA DE ARGENTINA,0Dl34Kegtc0y0m0oPhQfiI,76,Maria Becerra,,,,,,1DxLCyH42yaHKGK3cl5bvG,,,,,
Frio,0df1oUN5ta7FSWwjGvhHa5,67,Nicki Nicole,,,,,,2UZIAOlrnyZmyzt1nuXr9y,,,,,
Traductor,77l75UICfUZK5k0G7WRGqg,69,Tiago PZK,Myke Towers,,,,,5Y3MV9DZ0d87NnVm56qSY1,7iK8PXO48WeuP03g8YR51W,,,,
Solo tu,7tXWUU1HgnV4YuJiNbmG1l,53,Olga Lucia Vives,Yaneth Waldman,Alejandro Rian1o,Daniela Sierra,Maluma,Encanto - Elenco,1xtEM6Ynrm8jO1o7rXzP22,49xYVBMRskbDXPIZJZxJwR,6gypZD8U0igayJnsl9ZWQF,3nwgQnJvhaRxrpJ9o84t4f,1r4hJ1h58CWwUQe3MxPuau,52l7jN5e0g2n3IVOHulkA6
Las Nenas (feat. La Duraca),6Wr0EqmT3PiH6gRFOLOWUc,50,NATTI NATASHA,Cazzu,Farina,La Duraca,,,1GDbiv3spRmZ1XdM1jQbT7,6w3SkAHYPsQ1bxV7VDlG5y,7cYik4OyfBXYV5Z2TI7p90,7x7vfF89MqM94K8wvK3Omq,,
DESAFIANDO EL DESTINO,4rBQxFVwTnf99p818azSon,75,Maria Becerra,,,,,,1DxLCyH42yaHKGK3cl5bvG,,,,,
"La Ducha Remix (con Becky G, Tini)",0044ljTRPPQdAkCUXK6s7A,54,ELENA ROSE,Maria Becerra,Greeicy,Becky G,TINI,,0zO8yNnw5GQgutcIyXfGBY,1DxLCyH42yaHKGK3cl5bvG,5dbaLmK5SHLLg8Z4CcTJpX,4obzFoKoKRHIphyHzJ35G3,7vXDAI8JwjW531ouMGbfcp,
"Tiago PZK: Bzrp Music Sessions, Vol. 48",6VAS7m73rDopQe7BdrFMpD,81,Bizarrap,Tiago PZK,,,,,716NhGYqD1jl2wI1Qkgq36,5Y3MV9DZ0d87NnVm56qSY1,,,,
LLYLM,2SiAcexM2p1yX6joESbehd,83,ROSALIA,,,,,,7ltDVBr6mKbRvohxheJ9h1,,,,,
La Formula,5Fh9fyHRnSwKLo4asG6fEX,77,Maluma,Marc Anthony,,,,,1r4hJ1h58CWwUQe3MxPuau,4wLXwxDeWQ8mtUIRPxGiD6,,,,
Moderacion (Con Camilo),66eBZFnheqpOM16CCyA1HV,56,JP Saxe,Camilo,,,,,66W9LaWS0DPdL7Sz8iYGYe,28gNT5KBp7IjEOQoevXf9N,,,,
Despues de la Playa,1dm6z1fWB0cErMszU25dy2,82,Bad Bunny,,,,,,4q3ewBCX7sLwd24euuV69X,,,,,
Cupido,2xVcCDRgG3TrH69TatsUxp,85,TINI,,,,,,7vXDAI8JwjW531ouMGbfcp,,,,,
LOKERA,79HZAZNnOE97rb2hnI0XQr,83,Rauw Alejandro,Lyanno,Brray,,,,1mcTU81TzQhprhouKaTkpq,1Ts9of7VPZElwPQnqnDSfW,1GKIlPFdcewHtpDVCQ8zmJ,,,
Una Noche Sin Pensar,2oW52tBeJNSv93Ct5AJb8q,78,Sebastian Yatra,,,,,,07YUOmWljBTXwIseAUd9TW,,,,,
Echa Pa'lla (Manos Pa'rriba) (feat. Papayo),6DT6YBRXnxhIeSH0rn6khB,55,Pitbull,Papayo,,,,,0TnOYISbd1XYRBk9myaseg,5F2Bwl7Is7KVwTbNbMclIS,,,,
Calm Down (with Selena Gomez),0WtM2NBVQNNJLh6scP13H8,95,Rema,Selena Gomez,,,,,46pWGuE3dSwY3bMMXGBvVS,0C8ZW7ezQVs4URX5aX7Kqx,,,,
MERCHO,1DxEbt6OSbrkRthk6pjZue,90,LiL CaKe,Migrantes,Nico Valdi,,,,0niAkxgT6y57bRbT0Ge94z,48R2gYdPKtfnfKAzhSVPUx,0uxYECT7XqHNccQAg5Uhe4,,,
MIENTRAS ME CURO DEL CORA,6otePxalBK8AVa20xhZYVQ,90,KAROL G,,,,,,790FomKkXshlbRYZFtlgla,,,,,
Caramelo - Remix,2uu2aGqA2UblCg581Q7l1g,68,Ozuna,KAROL G,Myke Towers,,,,1i8SpTcr7yvPOmcqrbnVXY,790FomKkXshlbRYZFtlgla,7iK8PXO48WeuP03g8YR51W,,,
Jagger.mp3,2iNmegOcdmt4peYrh9S8qI,81,Emilia,,,,,,0AqlFI0tz2DsEoJlKSIiT9,,,,,
En El Coche,5mcYWxQAAlqGAhEPqVMMR5,70,Aitana,,,,,,7eLcDZDYHXZCebtQmVFL25,,,,,
DESPECHA RMX,4CD623yLJVvKJxUyzaTqtC,70,ROSALIA,Cardi B,,,,,7ltDVBr6mKbRvohxheJ9h1,4kYSro6naA4h99UJvo89HB,,,,
mariposas,5R2hNuiiwnKVAUNktF9j2Y,75,sangiovanni,Aitana,,,,,7dL0nOHwnSAsNAwpkPSGWP,7eLcDZDYHXZCebtQmVFL25,,,,
1Trago,7pNzIsog6lGrTL7coKYtKl,76,Danna Paola,,,,,,5xSx2FM8mQnrfgM1QsHniB,,,,,
Bella Ciao - Musica Original de la Serie la Casa de Papel/ Money Heist,3lWzVNe1yFZlkeBBzUuZYu,72,Manu Pilas,,,,,,2TJHmhbmT7L3gw2NKyDTHh,,,,,
Bella Ciao - Version Lenta de la Musica Original de la Serie la Casa de Papel / Money Heist,3BsUcp4CFmJh39OKP4qbLx,57,Manu Pilas,,,,,,2TJHmhbmT7L3gw2NKyDTHh,,,,,
Arranca (feat. Omega),6IdcyYfBz9LG3SWIKVyNgh,85,Becky G,Omega,,,,,4obzFoKoKRHIphyHzJ35G3,1UjxAZqzphB1tsMb1aWBj0,,,,
Bella Ciao,1bHhB1E62CqbM3uVZVvaEl,63,Becky G,,,,,,4obzFoKoKRHIphyHzJ35G3,,,,,
El Merengue,51FvjPEGKq2zByeeEQ43V9,92,Marshmello,Manuel Turizo,,,,,64KEffDW9EtZ1y2vBYgq8T,0tmwSHipWxN12fsoLcFU3B,,,,
La Vecina,1zpgP4DV86YJSPoG1FWZV3,54,Kewin Cosmos,,,,,,1nf6gLEC45OmoJFIxU7aUT,,,,,
Cuando Nadie Ve,71iAechwVKGu26pahzFL0k,81,Morat,,,,,,5C4PDR4LnhZTbVnKWXuDKD,,,,,
Fuera del mercado,1UdzJEpgJxtuXAlCOvD4S0,83,Danny Ocean,,,,,,5H1nN1SzW0qNeUEZvuXjAj,,,,,
Una Noche en Medellin,1O2pcBJGej0pmH2Y9XZMs6,87,Cris Mj,,,,,,1Yj5Xey7kTwvZla8sqdsdE,,,,,
NO voy a llorar :'),5lR23GryHOflIeSkJ0zGnW,70,Nicki Nicole,,,,,,2UZIAOlrnyZmyzt1nuXr9y,,,,,
ULALA (OOH LA LA),2QKVCfIDdHf16FkDPFHBHX,71,Myke Towers,Daddy Yankee,,,,,7iK8PXO48WeuP03g8YR51W,4VMYDCV2IEDYJArk749S6m,,,,
que le pasa conmigo?,4TrYGTVgWOe2s3ZPn5qFTa,81,Nicki Nicole,Rels B,,,,,2UZIAOlrnyZmyzt1nuXr9y,2IMZYfNi21MGqxopj9fWx8,,,,
Mama Tetema (feat. Rayvanny),0nuTnOboL7Zaaqm76CQHEk,63,Maluma,Rayvanny,,,,,1r4hJ1h58CWwUQe3MxPuau,7G9dCn1mqomAa0ucJoBm6J,,,,
VAGABUNDO,1MB8kTH7VKvAMfL9SHgJmG,90,Sebastian Yatra,Manuel Turizo,Beele,,,,07YUOmWljBTXwIseAUd9TW,0tmwSHipWxN12fsoLcFU3B,7a0XAaPaK2aDSqa8p3QnC7,,,
Mala Mia,62o8KoI44JfN7aYxgTnPvh,69,Maluma,,,,,,1r4hJ1h58CWwUQe3MxPuau,,,,,
Downtown,3Ga6eKrUFf12ouh9Yw3v2D,78,Anitta,J Balvin,,,,,7FNnA9vBm6EKceENgCGRMb,1vyhD5VmyZ7KMfW5gqLgo5,,,,
DISPARA ***,5y0zaOse4LHZ6ZowjpL0vW,80,Nicki Nicole,Milo j,,,,,2UZIAOlrnyZmyzt1nuXr9y,19HM5j0ULGSmEoRcrSe5x3,,,,
tqum,3zR2iyPKGtAVyvAYZH1YUr,77,Sofia Reyes,Danna Paola,,,,,0haZhu4fFKt0Ag94kZDiz2,5xSx2FM8mQnrfgM1QsHniB,,,,
BESO,609E1JCInJncactoMmkDon,96,ROSALIA,Rauw Alejandro,,,,,7ltDVBr6mKbRvohxheJ9h1,1mcTU81TzQhprhouKaTkpq,,,,
Tattoo,7na7Bk98usp84FaOJFPv3d,69,Rauw Alejandro,,,,,,1mcTU81TzQhprhouKaTkpq,,,,,
8 AM,7CSmXJNeArnwDfUmtP4Gve,77,Nicki Nicole,Young Miko,,,,,2UZIAOlrnyZmyzt1nuXr9y,3qsKSpcV3ncke3hw52JSMB,,,,
Besos Moja2,6OzUIp8KjuwxJnCWkXp1uL,86,Wisin & Yandel,ROSALIA,,,,,1wZtkThiXbVNtj6hee6dz9,7ltDVBr6mKbRvohxheJ9h1,,,,
